"8","HKEY_CURRENT_USER\\Software\\Microsoft\\Internet Explorer\\LowRegistry\\Audio\\PolicyConfig\\PropertyStore\\99192fcf_0","2","","",\N,"",\N,"0000-00-00 00:00:00","2018-02-10 05:43:30"
"9","HKEY_CURRENT_USER\\Software\\Microsoft\\Internet Explorer\\LowRegistry\\Audio\\PolicyConfig\\PropertyStore\\99192fcf_0",\N,"","{2}.\\\\?\\hdaudio#func_01&ven_8384&dev_7680&subsys_83847680&rev_1034#{6994ad04-93ef-11d0-a3cc-00a0c9223196}\\espeakertopo/00010001|\\Device\\HarddiskVolume2\\Users\\qub\\Desktop\\Tor Browser\\Browser\\firefox.exe%b{00000000-0000-0000-0000-000000000000}","2","",\N,"0000-00-00 00:00:00","2018-02-10 05:43:30"
"10","HKEY_CURRENT_USER\\Software\\Microsoft\\Internet Explorer\\LowRegistry\\Audio\\PolicyConfig\\PropertyStore\\99192fcf_0\\{219ED5A0-9CBF-4F3A-B927-37C9E5C5F14F}","2","","",\N,"",\N,"0000-00-00 00:00:00","2018-02-10 06:05:32"
"11","HKEY_CURRENT_USER\\Software\\Microsoft\\Internet Explorer\\LowRegistry\\Audio\\PolicyConfig\\PropertyStore\\99192fcf_0\\{219ED5A0-9CBF-4F3A-B927-37C9E5C5F14F}",\N,"3","04 00 00 00 00 00 00 00 00 00 80 3F 00 00 00 00 ","3","",\N,"0000-00-00 00:00:00","2018-02-10 06:05:32"
"12","HKEY_CURRENT_USER\\Software\\Microsoft\\Internet Explorer\\LowRegistry\\Audio\\PolicyConfig\\PropertyStore\\99192fcf_0\\{219ED5A0-9CBF-4F3A-B927-37C9E5C5F14F}",\N,"4","04 20 00 00 00 00 00 00 10 00 00 00 00 00 00 00 00 00 80 3F 00 00 80 3F ","3","",\N,"0000-00-00 00:00:00","2018-02-10 06:05:32"
"13","HKEY_CURRENT_USER\\Software\\Microsoft\\Internet Explorer\\LowRegistry\\Audio\\PolicyConfig\\PropertyStore\\99192fcf_0\\{219ED5A0-9CBF-4F3A-B927-37C9E5C5F14F}",\N,"5","0B 00 00 00 00 00 00 00 00 00 00 00 00 00 00 00 ","3","",\N,"0000-00-00 00:00:00","2018-02-10 06:05:32"
"19","HKEY_CURRENT_USER\\Software\\Microsoft\\Windows NT\\CurrentVersion\\AppCompatFlags\\Compatibility Assistant\\Store",\N,"C:\\Users\\qub\\Desktop\\Tor Browser\\Browser\\TorBrowser\\Tor\\tor.exe","53 41 43 50 01 00 00 00 00 00 00 00 07 00 00 00 28 00 00 00 00 28 37 00 8C 6D 37 00 01 00 00 00 00 00 00 00 00 00 01 05 71 20 00 00 4D AE 7E 0C 19 39 D3 01 00 00 00 00 00 00 00 00 ","3","",\N,"2018-02-10 05:18:01","2018-02-10 06:05:34"
"20","HKEY_CURRENT_USER\\Software\\Microsoft\\Windows NT\\CurrentVersion\\AppCompatFlags\\Compatibility Assistant\\Store",\N,"C:\\Users\\qub\\Desktop\\Tor Browser\\Browser\\firefox.exe","53 41 43 50 01 00 00 00 00 00 00 00 07 00 00 00 28 00 00 00 00 C4 14 00 0F F4 14 00 01 00 00 00 00 00 00 00 00 00 00 0A 00 01 00 00 4D AE 7E 0C 19 39 D3 01 00 00 00 00 00 00 00 00 02 00 00 00 28 00 00 00 00 00 00 00 00 00 00 00 00 00 00 00 00 00 00 00 00 00 00 00 00 00 00 00 76 A6 09 00 00 00 00 00 01 00 00 00 01 00 00 00 ","3","",\N,"2018-02-10 05:18:01","2018-02-10 06:05:34"
"26","HKEY_CURRENT_USER\\Software\\Microsoft\\Windows\\CurrentVersion\\CloudStore\\Store\\Cache\\DefaultAccount\\$$windows.data.taskflow.shellactivities\\Current","1","Data","02 00 00 00 EE 7B 22 6D 33 A2 D3 01 00 00 00 00 43 42 01 00 CB 0A 0A 42 D2 14 17 43 00 3A 00 5C 00 57 00 69 00 6E 00 64 00 6F 00 77 00 73 00 5C 00 65 00 78 00 70 00 6C 00 6F 00 72 00 65 00 72 00 2E 00 65 00 78 00 65 00 C6 1F DC 82 0C D2 23 0C 65 00 78 00 70 00 6C 00 6F 00 72 00 65 00 72 00 2E 00 65 00 78 00 65 00 D2 28 0D 50 00 72 00 6F 00 67 00 72 00 61 00 6D 00 20 00 46 00 69 00 6C 00 65 00 73 00 C6 32 93 DA EC D2 B6 C6 E8 E9 01 C6 3C EC 9E BC D7 B6 C6 E8 E9 01 CA 50 00 00 D2 14 17 43 00 3A 00 5C 00 57 00 69 00 6E 00 64 00 6F 00 77 00 73 00 5C 00 65 00 78 00 70 00 6C 00 6F 00 72 00 65 00 72 00 2E 00 65 00 78 00 65 00 C6 1F DC 82 0C D2 23 0C 65 00 78 00 70 00 6C 00 6F 00 72 00 65 00 72 00 2E 00 65 00 78 00 65 00 D2 28 14 57 00 69 00 6E 00 64 00 6F 00 77 00 73 00 20 00 50 00 68 00 6F 00 74 00 6F 00 20 00 56 00 69 00 65 00 77 00 65 00 72 00 C6 32 9C 93 E8 CC B6 C6 E8 E9 01 C6 3C 93 DA EC D2 B6 C6 E8 E9 01 CA 50 00 00 D2 14 17 43 00 3A 00 5C 00 57 00 69 00 6E 00 64 00 6F 00 77 00 73 00 5C 00 65 00 78 00 70 00 6C 00 6F 00 72 00 65 00 72 00 2E 00 65 00 78 00 65 00 C6 1F DC 82 0C D2 23 0C 65 00 78 00 70 00 6C 00 6F 00 72 00 65 00 72 00 2E 00 65 00 78 00 65 00 D2 28 0D 50 00 72 00 6F 00 67 00 72 00 61 00 6D 00 20 00 46 00 69 00 6C 00 65 00 73 00 C6 32 FA D9 C8 C8 B6 C6 E8 E9 01 C6 3C 9C 93 E8 CC B6 C6 E8 E9 01 CA 50 00 00 D2 14 17 43 00 3A 00 5C 00 57 00 69 00 6E 00 64 00 6F 00 77 00 73 00 5C 00 65 00 78 00 70 00 6C 00 6F 00 72 00 65 00 72 00 2E 00 65 00 78 00 65 00 C6 1F DC 82 0C D2 23 0C 65 00 78 00 70 00 6C 00 6F 00 72 00 65 00 72 00 2E 00 65 00 78 00 65 00 D2 28 10 57 00 69 00 6E 00 64 00 6F 00 77 00 73 00 20 00 44 00 65 00 66 00 65 00 6E 00 64 00 65 00 72 00 C6 32 F8 91 BE BA B6 C6 E8 E9 01 C6 3C FA D9 C8 C8 B6 C6 E8 E9 01 CA 50 00 00 D2 14 17 43 00 3A 00 5C 00 57 00 69 00 6E 00 64 00 6F 00 77 00 73 00 5C 00 65 00 78 00 70 00 6C 00 6F 00 72 00 65 00 72 00 2E 00 65 00 78 00 65 00 C6 1F DC 82 0C D2 23 0C 65 00 78 00 70 00 6C 00 6F 00 72 00 65 00 72 00 2E 00 65 00 78 00 65 00 D2 28 0D 50 00 72 00 6F 00 67 00 72 00 61 00 6D 00 20 00 46 00 69 00 6C 00 65 00 73 00 C6 32 B9 A8 8B B6 B6 C6 E8 E9 01 C6 3C F8 91 BE BA B6 C6 E8 E9 01 CA 50 00 00 D2 14 17 43 00 3A 00 5C 00 57 00 69 00 6E 00 64 00 6F 00 77 00 73 00 5C 00 65 00 78 00 70 00 6C 00 6F 00 72 00 65 00 72 00 2E 00 65 00 78 00 65 00 C6 1F DC 82 0C D2 23 0C 65 00 78 00 70 00 6C 00 6F 00 72 00 65 00 72 00 2E 00 65 00 78 00 65 00 D2 28 0F 4C 00 6F 00 63 00 61 00 6C 00 20 00 44 00 69 00 73 00 6B 00 20 00 28 00 43 00 3A 00 29 00 C6 32 CD E3 AD AB B6 C6 E8 E9 01 C6 3C B9 A8 8B B6 B6 C6 E8 E9 01 CA 50 00 00 D2 14 17 43 00 3A 00 5C 00 57 00 69 00 6E 00 64 00 6F 00 77 00 73 00 5C 00 65 00 78 00 70 00 6C 00 6F 00 72 00 65 00 72 00 2E 00 65 00 78 00 65 00 C6 1F DC 82 0C D2 23 0C 65 00 78 00 70 00 6C 00 6F 00 72 00 65 00 72 00 2E 00 65 00 78 00 65 00 D2 28 07 54 00 68 00 69 00 73 00 20 00 50 00 43 00 C6 32 D9 E8 B9 A1 B6 C6 E8 E9 01 C6 3C CD E3 AD AB B6 C6 E8 E9 01 CA 50 00 00 D2 14 17 43 00 3A 00 5C 00 57 00 69 00 6E 00 64 00 6F 00 77 00 73 00 5C 00 65 00 78 00 70 00 6C 00 6F 00 72 00 65 00 72 00 2E 00 65 00 78 00 65 00 C6 1F DC 82 0C D2 23 0C 65 00 78 00 70 00 6C 00 6F 00 72 00 65 00 72 00 2E 00 65 00 78 00 65 00 D2 28 05 55 00 73 00 65 00 72 00 73 00 C6 32 E0 B1 85 9B B6 C6 E8 E9 01 C6 3C D9 E8 B9 A1 B6 C6 E8 E9 01 CA 50 00 00 D2 14 17 43 00 3A 00 5C 00 57 00 69 00 6E 00 64 00 6F 00 77 00 73 00 5C 00 65 00 78 00 70 00 6C 00 6F 00 72 00 65 00 72 00 2E 00 65 00 78 00 65 00 C6 1F DC 82 0C D2 23 0C 65 00 78 00 70 00 6C 00 6F 00 72 00 65 00 72 00 2E 00 65 00 78 00 65 00 D2 28 10 50 00 75 00 62 00 6C 00 69 00 63 00 20 00 44 00 6F 00 63 00 75 00 6D 00 65 00 6E 00 74 00 73 00 C6 32 E3 A4 BA 95 B6 C6 E8 E9 01 C6 3C E0 B1 85 9B B6 C6 E8 E9 01 CA 50 00 00 D2 14 17 43 00 3A 00 5C 00 57 00 69 00 6E 00 64 00 6F 00 77 00 73 00 5C 00 65 00 78 00 70 00 6C 00 6F 00 72 00 65 00 72 00 2E 00 65 00 78 00 65 00 C6 1F DC 82 0C D2 23 0C 65 00 78 00 70 00 6C 00 6F 00 72 00 65 00 72 00 2E 00 65 00 78 00 65 00 D2 28 06 50 00 75 00 62 00 6C 00 69 00 63 00 C6 32 C1 C3 C0 91 B6 C6 E8 E9 01 C6 3C E3 A4 BA 95 B6 C6 E8 E9 01 CA 50 00 00 D2 14 17 43 00 3A 00 5C 00 57 00 69 00 6E 00 64 00 6F 00 77 00 73 00 5C 00 65 00 78 00 70 00 6C 00 6F 00 72 00 65 00 72 00 2E 00 65 00 78 00 65 00 C6 1F DC 82 0C D2 23 0C 65 00 78 00 70 00 6C 00 6F 00 72 00 65 00 72 00 2E 00 65 00 78 00 65 00 D2 28 10 50 00 75 00 62 00 6C 00 69 00 63 00 20 00 44 00 6F 00 77 00 6E 00 6C 00 6F 00 61 00 64 00 73 00 C6 32 DF C3 F5 8B B6 C6 E8 E9 01 C6 3C C1 C3 C0 91 B6 C6 E8 E9 01 CA 50 00 00 D2 14 17 43 00 3A 00 5C 00 57 00 69 00 6E 00 64 00 6F 00 77 00 73 00 5C 00 65 00 78 00 70 00 6C 00 6F 00 72 00 65 00 72 00 2E 00 65 00 78 00 65 00 C6 1F DC 82 0C D2 23 0C 65 00 78 00 70 00 6C 00 6F 00 72 00 65 00 72 00 2E 00 65 00 78 00 65 00 D2 28 06 50 00 75 00 62 00 6C 00 69 00 63 00 C6 32 95 B2 D0 86 B6 C6 E8 E9 01 C6 3C DF C3 F5 8B B6 C6 E8 E9 01 CA 50 00 00 D2 14 17 43 00 3A 00 5C 00 57 00 69 00 6E 00 64 00 6F 00 77 00 73 00 5C 00 65 00 78 00 70 00 6C 00 6F 00 72 00 65 00 72 00 2E 00 65 00 78 00 65 00 C6 1F DC 82 0C D2 23 0C 65 00 78 00 70 00 6C 00 6F 00 72 00 65 00 72 00 2E 00 65 00 78 00 65 00 D2 28 05 55 00 73 00 65 00 72 00 73 00 C6 32 92 DF D5 80 B6 C6 E8 E9 01 C6 3C 95 B2 D0 86 B6 C6 E8 E9 01 CA 50 00 00 D2 14 17 43 00 3A 00 5C 00 57 00 69 00 6E 00 64 00 6F 00 77 00 73 00 5C 00 65 00 78 00 70 00 6C 00 6F 00 72 00 65 00 72 00 2E 00 65 00 78 00 65 00 C6 1F DC 82 0C D2 23 0C 65 00 78 00 70 00 6C 00 6F 00 72 00 65 00 72 00 2E 00 65 00 78 00 65 00 D2 28 03 71 00 75 00 62 00 C6 32 89 9C BC F1 B5 C6 E8 E9 01 C6 3C 92 DF D5 80 B6 C6 E8 E9 01 CA 50 00 00 D2 14 17 43 00 3A 00 5C 00 57 00 69 00 6E 00 64 00 6F 00 77 00 73 00 5C 00 65 00 78 00 70 00 6C 00 6F 00 72 00 65 00 72 00 2E 00 65 00 78 00 65 00 C6 1F DC 82 0C D2 23 0C 65 00 78 00 70 00 6C 00 6F 00 72 00 65 00 72 00 2E 00 65 00 78 00 65 00 D2 28 05 55 00 73 00 65 00 72 00 73 00 C6 32 CF 8C EF E9 B5 C6 E8 E9 01 C6 3C 89 9C BC F1 B5 C6 E8 E9 01 CA 50 00 00 D2 14 17 43 00 3A 00 5C 00 57 00 69 00 6E 00 64 00 6F 00 77 00 73 00 5C 00 65 00 78 00 70 00 6C 00 6F 00 72 00 65 00 72 00 2E 00 65 00 78 00 65 00 C6 1F DC 82 0C D2 23 ","3","02 00 00 00 5C 85 10 30 35 A2 D3 01 00 00 00 00 43 42 01 00 CB 0A 0A 46 D2 14 34 43 00 3A 00 5C 00 55 00 73 00 65 00 72 00 73 00 5C 00 71 00 75 00 62 00 5C 00 44 00 65 00 73 00 6B 00 74 00 6F 00 70 00 5C 00 54 00 6F 00 72 00 20 00 42 00 72 00 6F 00 77 00 73 00 65 00 72 00 5C 00 42 00 72 00 6F 00 77 00 73 00 65 00 72 00 5C 00 66 00 69 00 72 00 65 00 66 00 6F 00 78 00 2E 00 65 00 78 00 65 00 C6 1F FE 83 14 D2 23 0B 66 00 69 00 72 00 65 00 66 00 6F 00 78 00 2E 00 65 00 78 00 65 00 D2 28 5C 42 00 65 00 61 00 72 00 20 00 47 00 72 00 79 00 6C 00 6C 00 73 00 20 00 41 00 64 00 6D 00 69 00 72 00 65 00 73 00 20 00 44 00 6F 00 6E 00 61 00 6C 00 64 00 20 00 54 00 72 00 75 00 6D 00 70 00 27 00 73 00 20 00 52 00 65 00 73 00 69 00 6C 00 69 00 65 00 6E 00 63 00 65 00 20 00 7C 00 20 00 47 00 6F 00 6F 00 64 00 20 00 4D 00 6F 00 72 00 6E 00 69 00 6E 00 67 00 20 00 42 00 72 00 69 00 74 00 61 00 69 00 6E 00 20 00 2D 00 20 00 59 00 6F 00 75 00 54 00 75 00 62 00 65 00 20 00 2D 00 20 00 54 00 6F 00 72 00 20 00 42 00 72 00 6F 00 77 00 73 00 65 00 72 00 C6 32 CE 99 EF BE D2 C6 E8 E9 01 C6 3C C6 FF D5 BF D2 C6 E8 E9 01 CA 50 00 00 D2 14 34 43 00 3A 00 5C 00 55 00 73 00 65 00 72 00 73 00 5C 00 71 00 75 00 62 00 5C 00 44 00 65 00 73 00 6B 00 74 00 6F 00 70 00 5C 00 54 00 6F 00 72 00 20 00 42 00 72 00 6F 00 77 00 73 00 65 00 72 00 5C 00 42 00 72 00 6F 00 77 00 73 00 65 00 72 00 5C 00 66 00 69 00 72 00 65 00 66 00 6F 00 78 00 2E 00 65 00 78 00 65 00 C6 1F FE 83 14 D2 23 0B 66 00 69 00 72 00 65 00 66 00 6F 00 78 00 2E 00 65 00 78 00 65 00 D2 28 5C 42 00 65 00 61 00 72 00 20 00 47 00 72 00 79 00 6C 00 6C 00 73 00 20 00 41 00 64 00 6D 00 69 00 72 00 65 00 73 00 20 00 44 00 6F 00 6E 00 61 00 6C 00 64 00 20 00 54 00 72 00 75 00 6D 00 70 00 27 00 73 00 20 00 52 00 65 00 73 00 69 00 6C 00 69 00 65 00 6E 00 63 00 65 00 20 00 7C 00 20 00 47 00 6F 00 6F 00 64 00 20 00 4D 00 6F 00 72 00 6E 00 69 00 6E 00 67 00 20 00 42 00 72 00 69 00 74 00 61 00 69 00 6E 00 20 00 2D 00 20 00 59 00 6F 00 75 00 54 00 75 00 62 00 65 00 20 00 2D 00 20 00 54 00 6F 00 72 00 20 00 42 00 72 00 6F 00 77 00 73 00 65 00 72 00 C6 32 F3 9D B0 98 CD C6 E8 E9 01 C6 3C F6 F6 FB EB CE C6 E8 E9 01 CA 50 00 00 D2 14 34 43 00 3A 00 5C 00 55 00 73 00 65 00 72 00 73 00 5C 00 71 00 75 00 62 00 5C 00 44 00 65 00 73 00 6B 00 74 00 6F 00 70 00 5C 00 54 00 6F 00 72 00 20 00 42 00 72 00 6F 00 77 00 73 00 65 00 72 00 5C 00 42 00 72 00 6F 00 77 00 73 00 65 00 72 00 5C 00 66 00 69 00 72 00 65 00 66 00 6F 00 78 00 2E 00 65 00 78 00 65 00 C6 1F FE 83 14 D2 23 0B 66 00 69 00 72 00 65 00 66 00 6F 00 78 00 2E 00 65 00 78 00 65 00 D2 28 15 59 00 6F 00 75 00 54 00 75 00 62 00 65 00 20 00 2D 00 20 00 54 00 6F 00 72 00 20 00 42 00 72 00 6F 00 77 00 73 00 65 00 72 00 C6 32 9D BA 96 8B CD C6 E8 E9 01 C6 3C F3 9D B0 98 CD C6 E8 E9 01 CA 50 00 00 D2 14 34 43 00 3A 00 5C 00 55 00 73 00 65 00 72 00 73 00 5C 00 71 00 75 00 62 00 5C 00 44 00 65 00 73 00 6B 00 74 00 6F 00 70 00 5C 00 54 00 6F 00 72 00 20 00 42 00 72 00 6F 00 77 00 73 00 65 00 72 00 5C 00 42 00 72 00 6F 00 77 00 73 00 65 00 72 00 5C 00 66 00 69 00 72 00 65 00 66 00 6F 00 78 00 2E 00 65 00 78 00 65 00 C6 1F FE 83 14 D2 23 0B 66 00 69 00 72 00 65 00 66 00 6F 00 78 00 2E 00 65 00 78 00 65 00 D2 28 28 64 00 6F 00 6E 00 61 00 6C 00 64 00 20 00 74 00 72 00 75 00 6D 00 70 00 20 00 61 00 74 00 20 00 44 00 75 00 63 00 6B 00 44 00 75 00 63 00 6B 00 47 00 6F 00 20 00 2D 00 20 00 54 00 6F 00 72 00 20 00 42 00 72 00 6F 00 77 00 73 00 65 00 72 00 C6 32 FE B8 D8 AE CC C6 E8 E9 01 C6 3C 9D BA 96 8B CD C6 E8 E9 01 CA 50 00 00 D2 14 34 43 00 3A 00 5C 00 55 00 73 00 65 00 72 00 73 00 5C 00 71 00 75 00 62 00 5C 00 44 00 65 00 73 00 6B 00 74 00 6F 00 70 00 5C 00 54 00 6F 00 72 00 20 00 42 00 72 00 6F 00 77 00 73 00 65 00 72 00 5C 00 42 00 72 00 6F 00 77 00 73 00 65 00 72 00 5C 00 66 00 69 00 72 00 65 00 66 00 6F 00 78 00 2E 00 65 00 78 00 65 00 C6 1F FE 83 14 D2 23 0B 66 00 69 00 72 00 65 00 66 00 6F 00 78 00 2E 00 65 00 78 00 65 00 D2 28 33 47 00 52 00 43 00 A0 00 7C 00 A0 00 53 00 65 00 63 00 75 00 72 00 69 00 74 00 79 00 20 00 4E 00 6F 00 77 00 21 00 20 00 45 00 70 00 69 00 73 00 6F 00 64 00 65 00 20 00 41 00 72 00 63 00 68 00 69 00 76 00 65 00 A0 00 A0 00 20 00 2D 00 20 00 54 00 6F 00 72 00 20 00 42 00 72 00 6F 00 77 00 73 00 65 00 72 00 C6 32 D3 DC B7 D5 CB C6 E8 E9 01 C6 3C FE B8 D8 AE CC C6 E8 E9 01 CA 50 00 00 D2 14 34 43 00 3A 00 5C 00 55 00 73 00 65 00 72 00 73 00 5C 00 71 00 75 00 62 00 5C 00 44 00 65 00 73 00 6B 00 74 00 6F 00 70 00 5C 00 54 00 6F 00 72 00 20 00 42 00 72 00 6F 00 77 00 73 00 65 00 72 00 5C 00 42 00 72 00 6F 00 77 00 73 00 65 00 72 00 5C 00 66 00 69 00 72 00 65 00 66 00 6F 00 78 00 2E 00 65 00 78 00 65 00 C6 1F FE 83 14 D2 23 0B 66 00 69 00 72 00 65 00 66 00 6F 00 78 00 2E 00 65 00 78 00 65 00 D2 28 0B 54 00 6F 00 72 00 20 00 42 00 72 00 6F 00 77 00 73 00 65 00 72 00 C6 32 C0 F2 B6 99 CB C6 E8 E9 01 C6 3C D3 DC B7 D5 CB C6 E8 E9 01 CA 50 00 00 D2 14 34 43 00 3A 00 5C 00 55 00 73 00 65 00 72 00 73 00 5C 00 71 00 75 00 62 00 5C 00 44 00 65 00 73 00 6B 00 74 00 6F 00 70 00 5C 00 54 00 6F 00 72 00 20 00 42 00 72 00 6F 00 77 00 73 00 65 00 72 00 5C 00 42 00 72 00 6F 00 77 00 73 00 65 00 72 00 5C 00 66 00 69 00 72 00 65 00 66 00 6F 00 78 00 2E 00 65 00 78 00 65 00 C6 1F FE 83 14 D2 23 0B 66 00 69 00 72 00 65 00 66 00 6F 00 78 00 2E 00 65 00 78 00 65 00 D2 28 33 47 00 52 00 43 00 A0 00 7C 00 A0 00 53 00 65 00 63 00 75 00 72 00 69 00 74 00 79 00 20 00 4E 00 6F 00 77 00 21 00 20 00 45 00 70 00 69 00 73 00 6F 00 64 00 65 00 20 00 41 00 72 00 63 00 68 00 69 00 76 00 65 00 A0 00 A0 00 20 00 2D 00 20 00 54 00 6F 00 72 00 20 00 42 00 72 00 6F 00 77 00 73 00 65 00 72 00 C6 32 8A AA 8A C3 CA C6 E8 E9 01 C6 3C C0 F2 B6 99 CB C6 E8 E9 01 CA 50 00 00 D2 14 34 43 00 3A 00 5C 00 55 00 73 00 65 00 72 00 73 00 5C 00 71 00 75 00 62 00 5C 00 44 00 65 00 73 00 6B 00 74 00 6F 00 70 00 5C 00 54 00 6F 00 72 00 20 00 42 00 72 00 6F 00 77 00 73 00 65 00 72 00 5C 00 42 00 72 00 6F 00 77 00 73 00 65 00 72 00 5C 00 66 00 69 00 72 00 65 00 66 00 6F 00 78 00 2E 00 65 00 78 00 65 00 C6 1F FE 83 14 D2 23 0B 66 00 69 00 72 00 65 00 66 00 6F 00 78 00 2E 00 65 00 78 00 65 00 D2 28 1B 73 00 6E 00 2D 00 ","3","2018-02-10 05:53:08","2018-02-10 06:05:44"
"27","HKEY_CURRENT_USER\\Software\\Microsoft\\Windows\\CurrentVersion\\CloudStore\\Store\\Cache\\DefaultAccount\\$$windows.data.unifiedtile.localstarttilepropertiesmap\\Current","1","Data","02 00 00 00 F8 7D 8A 44 31 A2 D3 01 00 00 00 00 43 42 01 00 0D 12 0A 2E 33 50 00 7E 00 4D 00 69 00 63 00 72 00 6F 00 73 00 6F 00 66 00 74 00 2E 00 58 00 62 00 6F 00 78 00 41 00 70 00 70 00 5F 00 38 00 77 00 65 00 6B 00 79 00 62 00 33 00 64 00 38 00 62 00 62 00 77 00 65 00 21 00 4D 00 69 00 63 00 72 00 6F 00 73 00 6F 00 66 00 74 00 2E 00 58 00 62 00 6F 00 78 00 41 00 70 00 70 00 C5 14 0F C5 1E 10 00 4E 50 00 7E 00 6D 00 69 00 63 00 72 00 6F 00 73 00 6F 00 66 00 74 00 2E 00 77 00 69 00 6E 00 64 00 6F 00 77 00 73 00 63 00 6F 00 6D 00 6D 00 75 00 6E 00 69 00 63 00 61 00 74 00 69 00 6F 00 6E 00 73 00 61 00 70 00 70 00 73 00 5F 00 38 00 77 00 65 00 6B 00 79 00 62 00 33 00 64 00 38 00 62 00 62 00 77 00 65 00 21 00 6D 00 69 00 63 00 72 00 6F 00 73 00 6F 00 66 00 74 00 2E 00 77 00 69 00 6E 00 64 00 6F 00 77 00 73 00 6C 00 69 00 76 00 65 00 2E 00 6D 00 61 00 69 00 6C 00 C5 14 02 C5 1E 03 C5 28 04 C5 32 05 00 40 57 00 7E 00 4D 00 69 00 63 00 72 00 6F 00 73 00 6F 00 66 00 74 00 2E 00 41 00 75 00 74 00 6F 00 47 00 65 00 6E 00 65 00 72 00 61 00 74 00 65 00 64 00 2E 00 7B 00 31 00 35 00 39 00 36 00 32 00 31 00 37 00 35 00 2D 00 37 00 44 00 46 00 43 00 2D 00 42 00 31 00 44 00 37 00 2D 00 42 00 30 00 44 00 31 00 2D 00 45 00 42 00 34 00 43 00 30 00 38 00 46 00 46 00 44 00 37 00 35 00 34 00 7D 00 C6 64 C8 F4 D2 9E C3 C5 E8 E9 01 00 40 57 00 7E 00 4D 00 69 00 63 00 72 00 6F 00 73 00 6F 00 66 00 74 00 2E 00 41 00 75 00 74 00 6F 00 47 00 65 00 6E 00 65 00 72 00 61 00 74 00 65 00 64 00 2E 00 7B 00 33 00 38 00 31 00 38 00 42 00 41 00 41 00 33 00 2D 00 35 00 46 00 46 00 30 00 2D 00 43 00 34 00 42 00 39 00 2D 00 31 00 41 00 44 00 42 00 2D 00 43 00 42 00 42 00 36 00 32 00 46 00 35 00 39 00 30 00 41 00 39 00 39 00 7D 00 C6 64 C8 F4 D2 9E C3 C5 E8 E9 01 00 40 57 00 7E 00 4D 00 69 00 63 00 72 00 6F 00 73 00 6F 00 66 00 74 00 2E 00 41 00 75 00 74 00 6F 00 47 00 65 00 6E 00 65 00 72 00 61 00 74 00 65 00 64 00 2E 00 7B 00 37 00 35 00 30 00 33 00 39 00 33 00 43 00 38 00 2D 00 43 00 41 00 37 00 45 00 2D 00 41 00 32 00 37 00 32 00 2D 00 39 00 34 00 37 00 42 00 2D 00 41 00 45 00 42 00 41 00 36 00 37 00 42 00 30 00 36 00 30 00 43 00 46 00 7D 00 C6 64 C8 F4 D2 9E C3 C5 E8 E9 01 00 40 57 00 7E 00 4D 00 69 00 63 00 72 00 6F 00 73 00 6F 00 66 00 74 00 2E 00 41 00 75 00 74 00 6F 00 47 00 65 00 6E 00 65 00 72 00 61 00 74 00 65 00 64 00 2E 00 7B 00 39 00 33 00 35 00 37 00 36 00 31 00 46 00 38 00 2D 00 39 00 34 00 45 00 34 00 2D 00 46 00 46 00 41 00 37 00 2D 00 41 00 38 00 43 00 30 00 2D 00 46 00 31 00 41 00 42 00 32 00 43 00 44 00 45 00 43 00 37 00 35 00 30 00 7D 00 C6 64 C8 F4 D2 9E C3 C5 E8 E9 01 00 40 57 00 7E 00 4D 00 69 00 63 00 72 00 6F 00 73 00 6F 00 66 00 74 00 2E 00 41 00 75 00 74 00 6F 00 47 00 65 00 6E 00 65 00 72 00 61 00 74 00 65 00 64 00 2E 00 7B 00 43 00 42 00 35 00 46 00 41 00 32 00 38 00 30 00 2D 00 35 00 35 00 45 00 33 00 2D 00 39 00 42 00 36 00 46 00 2D 00 39 00 36 00 44 00 32 00 2D 00 30 00 35 00 39 00 36 00 35 00 33 00 41 00 33 00 35 00 31 00 38 00 38 00 7D 00 C6 64 C8 F4 D2 9E C3 C5 E8 E9 01 00 40 57 00 7E 00 4D 00 69 00 63 00 72 00 6F 00 73 00 6F 00 66 00 74 00 2E 00 41 00 75 00 74 00 6F 00 47 00 65 00 6E 00 65 00 72 00 61 00 74 00 65 00 64 00 2E 00 7B 00 44 00 41 00 41 00 31 00 36 00 38 00 44 00 45 00 2D 00 34 00 33 00 30 00 36 00 2D 00 43 00 38 00 42 00 43 00 2D 00 38 00 43 00 31 00 31 00 2D 00 42 00 35 00 39 00 36 00 32 00 34 00 30 00 42 00 44 00 44 00 45 00 44 00 7D 00 C6 64 C8 F4 D2 9E C3 C5 E8 E9 01 00 40 57 00 7E 00 4D 00 69 00 63 00 72 00 6F 00 73 00 6F 00 66 00 74 00 2E 00 41 00 75 00 74 00 6F 00 47 00 65 00 6E 00 65 00 72 00 61 00 74 00 65 00 64 00 2E 00 7B 00 45 00 44 00 34 00 42 00 44 00 35 00 39 00 44 00 2D 00 42 00 46 00 30 00 46 00 2D 00 45 00 36 00 33 00 31 00 2D 00 38 00 39 00 45 00 39 00 2D 00 32 00 38 00 39 00 30 00 34 00 35 00 30 00 42 00 39 00 45 00 38 00 42 00 7D 00 C6 64 C8 F4 D2 9E C3 C5 E8 E9 01 00 24 57 00 7E 00 4D 00 69 00 63 00 72 00 6F 00 73 00 6F 00 66 00 74 00 2E 00 49 00 6E 00 74 00 65 00 72 00 6E 00 65 00 74 00 45 00 78 00 70 00 6C 00 6F 00 72 00 65 00 72 00 2E 00 44 00 65 00 66 00 61 00 75 00 6C 00 74 00 C6 64 ED AE 8A C3 C3 C5 E8 E9 01 00 1C 57 00 7E 00 4D 00 69 00 63 00 72 00 6F 00 73 00 6F 00 66 00 74 00 2E 00 53 00 6B 00 79 00 44 00 72 00 69 00 76 00 65 00 2E 00 44 00 65 00 73 00 6B 00 74 00 6F 00 70 00 C6 64 B3 E6 B7 B4 E8 C5 E8 E9 01 00 1C 57 00 7E 00 4D 00 69 00 63 00 72 00 6F 00 73 00 6F 00 66 00 74 00 2E 00 57 00 69 00 6E 00 64 00 6F 00 77 00 73 00 2E 00 43 00 6F 00 6D 00 70 00 75 00 74 00 65 00 72 00 C6 64 C8 F4 D2 9E C3 C5 E8 E9 01 00 20 57 00 7E 00 4D 00 69 00 63 00 72 00 6F 00 73 00 6F 00 66 00 74 00 2E 00 57 00 69 00 6E 00 64 00 6F 00 77 00 73 00 2E 00 43 00 6F 00 6E 00 74 00 72 00 6F 00 6C 00 50 00 61 00 6E 00 65 00 6C 00 C6 64 C8 F4 D2 9E C3 C5 E8 E9 01 00 1C 57 00 7E 00 4D 00 69 00 63 00 72 00 6F 00 73 00 6F 00 66 00 74 00 2E 00 57 00 69 00 6E 00 64 00 6F 00 77 00 73 00 2E 00 45 00 78 00 70 00 6C 00 6F 00 72 00 65 00 72 00 C6 64 C8 F4 D2 9E C3 C5 E8 E9 01 00 21 57 00 7E 00 4D 00 69 00 63 00 72 00 6F 00 73 00 6F 00 66 00 74 00 2E 00 57 00 69 00 6E 00 64 00 6F 00 77 00 73 00 2E 00 4D 00 65 00 64 00 69 00 61 00 50 00 6C 00 61 00 79 00 65 00 72 00 33 00 32 00 C6 64 C8 F4 D2 9E C3 C5 E8 E9 01 00 21 57 00 7E 00 4D 00 69 00 63 00 72 00 6F 00 73 00 6F 00 66 00 74 00 2E 00 57 00 69 00 6E 00 64 00 6F 00 77 00 73 00 2E 00 52 00 65 00 6D 00 6F 00 74 00 65 00 44 00 65 00 73 00 6B 00 74 00 6F 00 70 00 C6 64 C8 F4 D2 9E C3 C5 E8 E9 01 00 23 57 00 7E 00 4D 00 69 00 63 00 72 00 6F 00 73 00 6F 00 66 00 74 00 2E 00 57 00 69 00 6E 00 64 00 6F 00 77 00 73 00 2E 00 53 00 68 00 65 00 6C 00 6C 00 2E 00 52 00 75 00 6E 00 44 00 69 00 61 00 6C 00 6F 00 67 00 C6 64 C8 F4 D2 9E C3 C5 E8 E9 01 00 52 57 00 7E 00 7B 00 37 00 43 00 35 00 41 00 34 00 30 00 45 00 46 00 2D 00 41 00 30 00 46 00 42 00 2D 00 34 00 42 00 46 00 43 00 2D 00 38 00 37 00 34 00 41 00 2D 00 43 00 30 00 46 00 32 00 45 00 30 00 42 00 39 00 46 00 41 00 38 00 45 00 7D 00 5C 00 43 00 6F 00 6D 00 6D 00 6F 00 6E 00 20 00 46 00 69 00 6C 00 65 00 73 00 5C 00 4D 00 69 00 63 00 72 00 6F 00 73 00 6F 00 66 00 74 00 20 00 53 00 68 00 61 00 72 00 65 00 64 00 5C 00 49 00 6E 00 ","3","02 00 00 00 C4 AD D6 1C 32 A2 D3 01 00 00 00 00 43 42 01 00 0D 12 0A 2F 33 50 00 7E 00 4D 00 69 00 63 00 72 00 6F 00 73 00 6F 00 66 00 74 00 2E 00 58 00 62 00 6F 00 78 00 41 00 70 00 70 00 5F 00 38 00 77 00 65 00 6B 00 79 00 62 00 33 00 64 00 38 00 62 00 62 00 77 00 65 00 21 00 4D 00 69 00 63 00 72 00 6F 00 73 00 6F 00 66 00 74 00 2E 00 58 00 62 00 6F 00 78 00 41 00 70 00 70 00 C5 14 0F C5 1E 10 00 4E 50 00 7E 00 6D 00 69 00 63 00 72 00 6F 00 73 00 6F 00 66 00 74 00 2E 00 77 00 69 00 6E 00 64 00 6F 00 77 00 73 00 63 00 6F 00 6D 00 6D 00 75 00 6E 00 69 00 63 00 61 00 74 00 69 00 6F 00 6E 00 73 00 61 00 70 00 70 00 73 00 5F 00 38 00 77 00 65 00 6B 00 79 00 62 00 33 00 64 00 38 00 62 00 62 00 77 00 65 00 21 00 6D 00 69 00 63 00 72 00 6F 00 73 00 6F 00 66 00 74 00 2E 00 77 00 69 00 6E 00 64 00 6F 00 77 00 73 00 6C 00 69 00 76 00 65 00 2E 00 6D 00 61 00 69 00 6C 00 C5 14 02 C5 1E 03 C5 28 04 C5 32 05 00 36 57 00 7E 00 43 00 3A 00 5C 00 55 00 73 00 65 00 72 00 73 00 5C 00 71 00 75 00 62 00 5C 00 44 00 65 00 73 00 6B 00 74 00 6F 00 70 00 5C 00 54 00 6F 00 72 00 20 00 42 00 72 00 6F 00 77 00 73 00 65 00 72 00 5C 00 42 00 72 00 6F 00 77 00 73 00 65 00 72 00 5C 00 66 00 69 00 72 00 65 00 66 00 6F 00 78 00 2E 00 65 00 78 00 65 00 C6 64 C3 C1 CE E6 A1 C6 E8 E9 01 00 40 57 00 7E 00 4D 00 69 00 63 00 72 00 6F 00 73 00 6F 00 66 00 74 00 2E 00 41 00 75 00 74 00 6F 00 47 00 65 00 6E 00 65 00 72 00 61 00 74 00 65 00 64 00 2E 00 7B 00 31 00 35 00 39 00 36 00 32 00 31 00 37 00 35 00 2D 00 37 00 44 00 46 00 43 00 2D 00 42 00 31 00 44 00 37 00 2D 00 42 00 30 00 44 00 31 00 2D 00 45 00 42 00 34 00 43 00 30 00 38 00 46 00 46 00 44 00 37 00 35 00 34 00 7D 00 C6 64 C8 F4 D2 9E C3 C5 E8 E9 01 00 40 57 00 7E 00 4D 00 69 00 63 00 72 00 6F 00 73 00 6F 00 66 00 74 00 2E 00 41 00 75 00 74 00 6F 00 47 00 65 00 6E 00 65 00 72 00 61 00 74 00 65 00 64 00 2E 00 7B 00 33 00 38 00 31 00 38 00 42 00 41 00 41 00 33 00 2D 00 35 00 46 00 46 00 30 00 2D 00 43 00 34 00 42 00 39 00 2D 00 31 00 41 00 44 00 42 00 2D 00 43 00 42 00 42 00 36 00 32 00 46 00 35 00 39 00 30 00 41 00 39 00 39 00 7D 00 C6 64 C8 F4 D2 9E C3 C5 E8 E9 01 00 40 57 00 7E 00 4D 00 69 00 63 00 72 00 6F 00 73 00 6F 00 66 00 74 00 2E 00 41 00 75 00 74 00 6F 00 47 00 65 00 6E 00 65 00 72 00 61 00 74 00 65 00 64 00 2E 00 7B 00 37 00 35 00 30 00 33 00 39 00 33 00 43 00 38 00 2D 00 43 00 41 00 37 00 45 00 2D 00 41 00 32 00 37 00 32 00 2D 00 39 00 34 00 37 00 42 00 2D 00 41 00 45 00 42 00 41 00 36 00 37 00 42 00 30 00 36 00 30 00 43 00 46 00 7D 00 C6 64 C8 F4 D2 9E C3 C5 E8 E9 01 00 40 57 00 7E 00 4D 00 69 00 63 00 72 00 6F 00 73 00 6F 00 66 00 74 00 2E 00 41 00 75 00 74 00 6F 00 47 00 65 00 6E 00 65 00 72 00 61 00 74 00 65 00 64 00 2E 00 7B 00 39 00 33 00 35 00 37 00 36 00 31 00 46 00 38 00 2D 00 39 00 34 00 45 00 34 00 2D 00 46 00 46 00 41 00 37 00 2D 00 41 00 38 00 43 00 30 00 2D 00 46 00 31 00 41 00 42 00 32 00 43 00 44 00 45 00 43 00 37 00 35 00 30 00 7D 00 C6 64 C8 F4 D2 9E C3 C5 E8 E9 01 00 40 57 00 7E 00 4D 00 69 00 63 00 72 00 6F 00 73 00 6F 00 66 00 74 00 2E 00 41 00 75 00 74 00 6F 00 47 00 65 00 6E 00 65 00 72 00 61 00 74 00 65 00 64 00 2E 00 7B 00 43 00 42 00 35 00 46 00 41 00 32 00 38 00 30 00 2D 00 35 00 35 00 45 00 33 00 2D 00 39 00 42 00 36 00 46 00 2D 00 39 00 36 00 44 00 32 00 2D 00 30 00 35 00 39 00 36 00 35 00 33 00 41 00 33 00 35 00 31 00 38 00 38 00 7D 00 C6 64 C8 F4 D2 9E C3 C5 E8 E9 01 00 40 57 00 7E 00 4D 00 69 00 63 00 72 00 6F 00 73 00 6F 00 66 00 74 00 2E 00 41 00 75 00 74 00 6F 00 47 00 65 00 6E 00 65 00 72 00 61 00 74 00 65 00 64 00 2E 00 7B 00 44 00 41 00 41 00 31 00 36 00 38 00 44 00 45 00 2D 00 34 00 33 00 30 00 36 00 2D 00 43 00 38 00 42 00 43 00 2D 00 38 00 43 00 31 00 31 00 2D 00 42 00 35 00 39 00 36 00 32 00 34 00 30 00 42 00 44 00 44 00 45 00 44 00 7D 00 C6 64 C8 F4 D2 9E C3 C5 E8 E9 01 00 40 57 00 7E 00 4D 00 69 00 63 00 72 00 6F 00 73 00 6F 00 66 00 74 00 2E 00 41 00 75 00 74 00 6F 00 47 00 65 00 6E 00 65 00 72 00 61 00 74 00 65 00 64 00 2E 00 7B 00 45 00 44 00 34 00 42 00 44 00 35 00 39 00 44 00 2D 00 42 00 46 00 30 00 46 00 2D 00 45 00 36 00 33 00 31 00 2D 00 38 00 39 00 45 00 39 00 2D 00 32 00 38 00 39 00 30 00 34 00 35 00 30 00 42 00 39 00 45 00 38 00 42 00 7D 00 C6 64 C8 F4 D2 9E C3 C5 E8 E9 01 00 24 57 00 7E 00 4D 00 69 00 63 00 72 00 6F 00 73 00 6F 00 66 00 74 00 2E 00 49 00 6E 00 74 00 65 00 72 00 6E 00 65 00 74 00 45 00 78 00 70 00 6C 00 6F 00 72 00 65 00 72 00 2E 00 44 00 65 00 66 00 61 00 75 00 6C 00 74 00 C6 64 ED AE 8A C3 C3 C5 E8 E9 01 00 1C 57 00 7E 00 4D 00 69 00 63 00 72 00 6F 00 73 00 6F 00 66 00 74 00 2E 00 53 00 6B 00 79 00 44 00 72 00 69 00 76 00 65 00 2E 00 44 00 65 00 73 00 6B 00 74 00 6F 00 70 00 C6 64 B3 E6 B7 B4 E8 C5 E8 E9 01 00 1C 57 00 7E 00 4D 00 69 00 63 00 72 00 6F 00 73 00 6F 00 66 00 74 00 2E 00 57 00 69 00 6E 00 64 00 6F 00 77 00 73 00 2E 00 43 00 6F 00 6D 00 70 00 75 00 74 00 65 00 72 00 C6 64 C8 F4 D2 9E C3 C5 E8 E9 01 00 20 57 00 7E 00 4D 00 69 00 63 00 72 00 6F 00 73 00 6F 00 66 00 74 00 2E 00 57 00 69 00 6E 00 64 00 6F 00 77 00 73 00 2E 00 43 00 6F 00 6E 00 74 00 72 00 6F 00 6C 00 50 00 61 00 6E 00 65 00 6C 00 C6 64 C8 F4 D2 9E C3 C5 E8 E9 01 00 1C 57 00 7E 00 4D 00 69 00 63 00 72 00 6F 00 73 00 6F 00 66 00 74 00 2E 00 57 00 69 00 6E 00 64 00 6F 00 77 00 73 00 2E 00 45 00 78 00 70 00 6C 00 6F 00 72 00 65 00 72 00 C6 64 C8 F4 D2 9E C3 C5 E8 E9 01 00 21 57 00 7E 00 4D 00 69 00 63 00 72 00 6F 00 73 00 6F 00 66 00 74 00 2E 00 57 00 69 00 6E 00 64 00 6F 00 77 00 73 00 2E 00 4D 00 65 00 64 00 69 00 61 00 50 00 6C 00 61 00 79 00 65 00 72 00 33 00 32 00 C6 64 C8 F4 D2 9E C3 C5 E8 E9 01 00 21 57 00 7E 00 4D 00 69 00 63 00 72 00 6F 00 73 00 6F 00 66 00 74 00 2E 00 57 00 69 00 6E 00 64 00 6F 00 77 00 73 00 2E 00 52 00 65 00 6D 00 6F 00 74 00 65 00 44 00 65 00 73 00 6B 00 74 00 6F 00 70 00 C6 64 C8 F4 D2 9E C3 C5 E8 E9 01 00 23 57 00 7E 00 4D 00 69 00 63 00 72 00 6F 00 73 00 6F 00 66 00 74 00 2E 00 57 00 69 00 6E 00 64 00 6F 00 77 00 73 00 2E 00 53 00 68 00 65 00 6C 00 6C 00 2E 00 52 00 75 00 6E 00 44 00 69 00 61 00 6C 00 6F 00 67 00 C6 64 C8 F4 D2 9E C3 C5 E8 E9 01 00 52 57 00 7E 00 7B 00 37 00 43 00 35 00 41 00 34 00 30 00 45 00 46 00 2D 00 41 ","3","2018-02-10 05:37:41","2018-02-10 05:43:43"
"28","HKEY_CURRENT_USER\\Software\\Microsoft\\Windows\\CurrentVersion\\CloudStore\\Store\\Cache\\DefaultAccount\\$$windows.data.unifiedtile.localstartvolatiletilepropertiesmap\\Current","1","Data","02 00 00 00 39 C6 9F 54 33 A2 D3 01 00 00 00 00 43 42 01 00 0D 12 0A 0B 28 50 00 7E 00 4D 00 49 00 43 00 52 00 4F 00 53 00 4F 00 46 00 54 00 2E 00 47 00 45 00 54 00 53 00 54 00 41 00 52 00 54 00 45 00 44 00 5F 00 38 00 57 00 45 00 4B 00 59 00 42 00 33 00 44 00 38 00 42 00 42 00 57 00 45 00 21 00 41 00 50 00 50 00 C7 0A 02 DF 89 3C C6 1E BF F2 A1 90 BF C5 E8 E9 01 00 32 50 00 7E 00 4D 00 49 00 43 00 52 00 4F 00 53 00 4F 00 46 00 54 00 2E 00 4D 00 49 00 43 00 52 00 4F 00 53 00 4F 00 46 00 54 00 53 00 54 00 49 00 43 00 4B 00 59 00 4E 00 4F 00 54 00 45 00 53 00 5F 00 38 00 57 00 45 00 4B 00 59 00 42 00 33 00 44 00 38 00 42 00 42 00 57 00 45 00 21 00 41 00 50 00 50 00 C7 0A CB 2D 2F 3C C6 1E BF F2 A1 90 BF C5 E8 E9 01 00 47 50 00 7E 00 4D 00 49 00 43 00 52 00 4F 00 53 00 4F 00 46 00 54 00 2E 00 50 00 45 00 4F 00 50 00 4C 00 45 00 5F 00 38 00 57 00 45 00 4B 00 59 00 42 00 33 00 44 00 38 00 42 00 42 00 57 00 45 00 21 00 58 00 34 00 43 00 37 00 41 00 33 00 42 00 37 00 44 00 59 00 32 00 31 00 38 00 38 00 59 00 34 00 36 00 44 00 34 00 59 00 41 00 33 00 36 00 32 00 59 00 31 00 39 00 41 00 43 00 35 00 41 00 35 00 38 00 30 00 35 00 45 00 35 00 58 00 C7 0A D9 51 48 3C C6 1E BF F2 A1 90 BF C5 E8 E9 01 00 2F 50 00 7E 00 4D 00 49 00 43 00 52 00 4F 00 53 00 4F 00 46 00 54 00 2E 00 57 00 49 00 4E 00 44 00 4F 00 57 00 53 00 43 00 41 00 4C 00 43 00 55 00 4C 00 41 00 54 00 4F 00 52 00 5F 00 38 00 57 00 45 00 4B 00 59 00 42 00 33 00 44 00 38 00 42 00 42 00 57 00 45 00 21 00 41 00 50 00 50 00 C7 0A 5D CB F9 3B C6 1E BF F2 A1 90 BF C5 E8 E9 01 00 30 50 00 7E 00 4D 00 49 00 43 00 52 00 4F 00 53 00 4F 00 46 00 54 00 2E 00 57 00 49 00 4E 00 44 00 4F 00 57 00 53 00 46 00 45 00 45 00 44 00 42 00 41 00 43 00 4B 00 48 00 55 00 42 00 5F 00 38 00 57 00 45 00 4B 00 59 00 42 00 33 00 44 00 38 00 42 00 42 00 57 00 45 00 21 00 41 00 50 00 50 00 C7 0A F6 99 7A 3C C6 1E BF F2 A1 90 BF C5 E8 E9 01 00 29 50 00 7E 00 4D 00 49 00 43 00 52 00 4F 00 53 00 4F 00 46 00 54 00 2E 00 57 00 49 00 4E 00 44 00 4F 00 57 00 53 00 4D 00 41 00 50 00 53 00 5F 00 38 00 57 00 45 00 4B 00 59 00 42 00 33 00 44 00 38 00 42 00 42 00 57 00 45 00 21 00 41 00 50 00 50 00 C7 0A E7 75 61 3C C6 1E BF F2 A1 90 BF C5 E8 E9 01 00 1C 57 00 7E 00 4D 00 49 00 43 00 52 00 4F 00 53 00 4F 00 46 00 54 00 2E 00 57 00 49 00 4E 00 44 00 4F 00 57 00 53 00 2E 00 45 00 58 00 50 00 4C 00 4F 00 52 00 45 00 52 00 C7 0A 98 70 AA 3B C5 14 06 C6 1E 90 C2 EF A4 B5 C6 E8 E9 01 00 34 57 00 7E 00 7B 00 44 00 36 00 35 00 32 00 33 00 31 00 42 00 30 00 2D 00 42 00 32 00 46 00 31 00 2D 00 34 00 38 00 35 00 37 00 2D 00 41 00 34 00 43 00 45 00 2D 00 41 00 38 00 45 00 37 00 43 00 36 00 45 00 41 00 37 00 44 00 32 00 37 00 7D 00 5C 00 4D 00 53 00 50 00 41 00 49 00 4E 00 54 00 2E 00 45 00 58 00 45 00 C7 0A 40 83 C7 3B C6 1E BF F2 A1 90 BF C5 E8 E9 01 00 34 57 00 7E 00 7B 00 44 00 36 00 35 00 32 00 33 00 31 00 42 00 30 00 2D 00 42 00 32 00 46 00 31 00 2D 00 34 00 38 00 35 00 37 00 2D 00 41 00 34 00 43 00 45 00 2D 00 41 00 38 00 45 00 37 00 43 00 36 00 45 00 41 00 37 00 44 00 32 00 37 00 7D 00 5C 00 4E 00 4F 00 54 00 45 00 50 00 41 00 44 00 2E 00 45 00 58 00 45 00 C7 0A 25 3B 95 3B C6 1E BF F2 A1 90 BF C5 E8 E9 01 00 35 57 00 7E 00 7B 00 44 00 36 00 35 00 32 00 33 00 31 00 42 00 30 00 2D 00 42 00 32 00 46 00 31 00 2D 00 34 00 38 00 35 00 37 00 2D 00 41 00 34 00 43 00 45 00 2D 00 41 00 38 00 45 00 37 00 43 00 36 00 45 00 41 00 37 00 44 00 32 00 37 00 7D 00 5C 00 53 00 45 00 52 00 56 00 49 00 43 00 45 00 53 00 2E 00 4D 00 53 00 43 00 C7 0A 62 B3 D1 39 C5 14 01 C6 1E A0 99 9F 81 F6 C5 E8 E9 01 00 39 57 00 7E 00 7B 00 44 00 36 00 35 00 32 00 33 00 31 00 42 00 30 00 2D 00 42 00 32 00 46 00 31 00 2D 00 34 00 38 00 35 00 37 00 2D 00 41 00 34 00 43 00 45 00 2D 00 41 00 38 00 45 00 37 00 43 00 36 00 45 00 41 00 37 00 44 00 32 00 37 00 7D 00 5C 00 53 00 4E 00 49 00 50 00 50 00 49 00 4E 00 47 00 54 00 4F 00 4F 00 4C 00 2E 00 45 00 58 00 45 00 C7 0A BD 09 16 3C C6 1E BF F2 A1 90 BF C5 E8 E9 01 00 00 ","3","02 00 00 00 9B A0 09 B2 33 A2 D3 01 00 00 00 00 43 42 01 00 0D 12 0A 0C 28 50 00 7E 00 4D 00 49 00 43 00 52 00 4F 00 53 00 4F 00 46 00 54 00 2E 00 47 00 45 00 54 00 53 00 54 00 41 00 52 00 54 00 45 00 44 00 5F 00 38 00 57 00 45 00 4B 00 59 00 42 00 33 00 44 00 38 00 42 00 42 00 57 00 45 00 21 00 41 00 50 00 50 00 C7 0A C2 1A 93 3C C6 1E BF F2 A1 90 BF C5 E8 E9 01 00 32 50 00 7E 00 4D 00 49 00 43 00 52 00 4F 00 53 00 4F 00 46 00 54 00 2E 00 4D 00 49 00 43 00 52 00 4F 00 53 00 4F 00 46 00 54 00 53 00 54 00 49 00 43 00 4B 00 59 00 4E 00 4F 00 54 00 45 00 53 00 5F 00 38 00 57 00 45 00 4B 00 59 00 42 00 33 00 44 00 38 00 42 00 42 00 57 00 45 00 21 00 41 00 50 00 50 00 C7 0A B1 E1 3A 3C C6 1E BF F2 A1 90 BF C5 E8 E9 01 00 47 50 00 7E 00 4D 00 49 00 43 00 52 00 4F 00 53 00 4F 00 46 00 54 00 2E 00 50 00 45 00 4F 00 50 00 4C 00 45 00 5F 00 38 00 57 00 45 00 4B 00 59 00 42 00 33 00 44 00 38 00 42 00 42 00 57 00 45 00 21 00 58 00 34 00 43 00 37 00 41 00 33 00 42 00 37 00 44 00 59 00 32 00 31 00 38 00 38 00 59 00 34 00 36 00 44 00 34 00 59 00 41 00 33 00 36 00 32 00 59 00 31 00 39 00 41 00 43 00 35 00 41 00 35 00 38 00 30 00 35 00 45 00 35 00 58 00 C7 0A A5 B6 55 3C C6 1E BF F2 A1 90 BF C5 E8 E9 01 00 2F 50 00 7E 00 4D 00 49 00 43 00 52 00 4F 00 53 00 4F 00 46 00 54 00 2E 00 57 00 49 00 4E 00 44 00 4F 00 57 00 53 00 43 00 41 00 4C 00 43 00 55 00 4C 00 41 00 54 00 4F 00 52 00 5F 00 38 00 57 00 45 00 4B 00 59 00 42 00 33 00 44 00 38 00 42 00 42 00 57 00 45 00 21 00 41 00 50 00 50 00 C7 0A C7 37 05 3C C6 1E BF F2 A1 90 BF C5 E8 E9 01 00 30 50 00 7E 00 4D 00 49 00 43 00 52 00 4F 00 53 00 4F 00 46 00 54 00 2E 00 57 00 49 00 4E 00 44 00 4F 00 57 00 53 00 46 00 45 00 45 00 44 00 42 00 41 00 43 00 4B 00 48 00 55 00 42 00 5F 00 38 00 57 00 45 00 4B 00 59 00 42 00 33 00 44 00 38 00 42 00 42 00 57 00 45 00 21 00 41 00 50 00 50 00 C7 0A 48 B0 85 3C C6 1E BF F2 A1 90 BF C5 E8 E9 01 00 29 50 00 7E 00 4D 00 49 00 43 00 52 00 4F 00 53 00 4F 00 46 00 54 00 2E 00 57 00 49 00 4E 00 44 00 4F 00 57 00 53 00 4D 00 41 00 50 00 53 00 5F 00 38 00 57 00 45 00 4B 00 59 00 42 00 33 00 44 00 38 00 42 00 42 00 57 00 45 00 21 00 41 00 50 00 50 00 C7 0A 9A 8B 70 3C C6 1E BF F2 A1 90 BF C5 E8 E9 01 00 36 57 00 7E 00 43 00 3A 00 5C 00 55 00 53 00 45 00 52 00 53 00 5C 00 51 00 55 00 42 00 5C 00 44 00 45 00 53 00 4B 00 54 00 4F 00 50 00 5C 00 54 00 4F 00 52 00 20 00 42 00 52 00 4F 00 57 00 53 00 45 00 52 00 5C 00 42 00 52 00 4F 00 57 00 53 00 45 00 52 00 5C 00 46 00 49 00 52 00 45 00 46 00 4F 00 58 00 2E 00 45 00 58 00 45 00 C7 0A C0 99 58 3A C5 14 01 C6 1E B0 9B F5 FC BA C6 E8 E9 01 00 1C 57 00 7E 00 4D 00 49 00 43 00 52 00 4F 00 53 00 4F 00 46 00 54 00 2E 00 57 00 49 00 4E 00 44 00 4F 00 57 00 53 00 2E 00 45 00 58 00 50 00 4C 00 4F 00 52 00 45 00 52 00 C7 0A EE 4A 99 3B C5 14 04 C6 1E C0 C3 E3 F6 9F C6 E8 E9 01 00 34 57 00 7E 00 7B 00 44 00 36 00 35 00 32 00 33 00 31 00 42 00 30 00 2D 00 42 00 32 00 46 00 31 00 2D 00 34 00 38 00 35 00 37 00 2D 00 41 00 34 00 43 00 45 00 2D 00 41 00 38 00 45 00 37 00 43 00 36 00 45 00 41 00 37 00 44 00 32 00 37 00 7D 00 5C 00 4D 00 53 00 50 00 41 00 49 00 4E 00 54 00 2E 00 45 00 58 00 45 00 C7 0A A4 C5 D4 3B C6 1E BF F2 A1 90 BF C5 E8 E9 01 00 34 57 00 7E 00 7B 00 44 00 36 00 35 00 32 00 33 00 31 00 42 00 30 00 2D 00 42 00 32 00 46 00 31 00 2D 00 34 00 38 00 35 00 37 00 2D 00 41 00 34 00 43 00 45 00 2D 00 41 00 38 00 45 00 37 00 43 00 36 00 45 00 41 00 37 00 44 00 32 00 37 00 7D 00 5C 00 4E 00 4F 00 54 00 45 00 50 00 41 00 44 00 2E 00 45 00 58 00 45 00 C7 0A BC 1B 9F 3B C6 1E BF F2 A1 90 BF C5 E8 E9 01 00 35 57 00 7E 00 7B 00 44 00 36 00 35 00 32 00 33 00 31 00 42 00 30 00 2D 00 42 00 32 00 46 00 31 00 2D 00 34 00 38 00 35 00 37 00 2D 00 41 00 34 00 43 00 45 00 2D 00 41 00 38 00 45 00 37 00 43 00 36 00 45 00 41 00 37 00 44 00 32 00 37 00 7D 00 5C 00 53 00 45 00 52 00 56 00 49 00 43 00 45 00 53 00 2E 00 4D 00 53 00 43 00 C7 0A A2 E0 11 3B C5 14 01 C6 1E A0 99 9F 81 F6 C5 E8 E9 01 00 39 57 00 7E 00 7B 00 44 00 36 00 35 00 32 00 33 00 31 00 42 00 30 00 2D 00 42 00 32 00 46 00 31 00 2D 00 34 00 38 00 35 00 37 00 2D 00 41 00 34 00 43 00 45 00 2D 00 41 00 38 00 45 00 37 00 43 00 36 00 45 00 41 00 37 00 44 00 32 00 37 00 7D 00 5C 00 53 00 4E 00 49 00 50 00 50 00 49 00 4E 00 47 00 54 00 4F 00 4F 00 4C 00 2E 00 45 00 58 00 45 00 C7 0A BC 0C 20 3C C6 1E BF F2 A1 90 BF C5 E8 E9 01 00 00 ","3","2018-02-10 05:52:27","2018-02-10 05:55:03"
"82","HKEY_CURRENT_USER\\Software\\Microsoft\\Windows\\CurrentVersion\\Explorer\\Wallpapers","1","BackgroundHistoryPath0","c:\\windows\\web\\wallpaper\\windows\\img0.jpg","2","C:\\Windows\\web\\wallpaper\\Windows\\img0.jpg","2","2018-02-10 05:51:00","2018-02-10 05:15:03"
"83","HKEY_CURRENT_USER\\Software\\Microsoft\\Windows\\CurrentVersion\\Explorer\\Wallpapers",\N,"BackgroundHistoryPath1","c:\\windows\\web\\wallpaper\\theme1\\img1.jpg","2","",\N,"2018-02-10 05:51:00","2018-02-10 05:15:03"
"84","HKEY_CURRENT_USER\\Software\\Microsoft\\Windows\\CurrentVersion\\Explorer\\Wallpapers",\N,"BackgroundHistoryPath2","c:\\windows\\web\\wallpaper\\theme1\\img13.jpg","2","",\N,"2018-02-10 05:51:00","2018-02-10 05:15:03"
"85","HKEY_CURRENT_USER\\Software\\Microsoft\\Windows\\CurrentVersion\\Explorer\\Wallpapers",\N,"BackgroundHistoryPath3","c:\\windows\\web\\wallpaper\\theme1\\img2.jpg","2","",\N,"2018-02-10 05:51:00","2018-02-10 05:15:03"
"86","HKEY_CURRENT_USER\\Software\\Microsoft\\Windows\\CurrentVersion\\Explorer\\Wallpapers",\N,"BackgroundHistoryPath4","c:\\windows\\web\\wallpaper\\theme1\\img3.jpg","2","",\N,"2018-02-10 05:51:00","2018-02-10 05:15:03"
"87","HKEY_CURRENT_USER\\Software\\Microsoft\\Windows\\CurrentVersion\\Explorer\\Wallpapers",\N,"SlideshowSourceDirectoriesSet","1","1","",\N,"2018-02-10 05:51:00","2018-02-10 05:15:03"
"88","HKEY_CURRENT_USER\\Software\\Microsoft\\Windows\\CurrentVersion\\Explorer\\Wallpapers",\N,"SlideshowDirectoryPath1","2AAFA8BVlgkHDQ5eD3UsxkuR0yUjVDCAAAgGA4+u+PCAAABAf6KkpuDoA6El8mpEXDVQEAAAAAA","2","",\N,"2018-02-10 05:51:00","2018-02-10 05:15:03"
"91","HKEY_CURRENT_USER\\Software\\Microsoft\\Windows\\CurrentVersion\\Search\\JumplistData",\N,"C:\\Users\\qub\\Desktop\\Tor Browser\\Browser\\firefox.exe","131627163318438692","5","",\N,"2018-02-10 05:51:58","2018-02-10 06:05:31"
"95","HKEY_CURRENT_USER\\Software\\Microsoft\\Windows\\CurrentVersion\\Search\\RecentApps\\{8F778CEF-A629-45F9-A9A2-85B0A23C6401}",\N,"AppId","E:\\torbrowser-install-7.5_en-US.exe","2","",\N,"0000-00-00 00:00:00","2018-02-10 05:43:06"
"100","HKEY_CURRENT_USER\\Software\\Microsoft\\Windows\\CurrentVersion\\Search\\RecentApps\\{E6CD3E89-F091-48B1-A107-16FC17D9EFDD}",\N,"AppId","C:\\Users\\qub\\Desktop\\Tor Browser\\Browser\\firefox.exe","2","",\N,"0000-00-00 00:00:00","2018-02-10 05:54:59"
"102","HKEY_CURRENT_USER\\Software\\Microsoft\\Windows\\CurrentVersion\\Search\\RecentApps\\{E6CD3E89-F091-48B1-A107-16FC17D9EFDD}",\N,"AppPath","C:\\Users\\qub\\Desktop\\Tor Browser\\Browser\\firefox.exe","2","",\N,"0000-00-00 00:00:00","2018-02-10 05:54:59"
"131","HKEY_LOCAL_MACHINE\\Software\\Microsoft\\WBEM\\CIMOM","1","Autorecover MOFs","64 62 02 00 C8 6F 99 00 00 00 00 00 F8 FF FF FF 80 1C 9A 00 68 62 69 6E 00 50 92 00 00 10 00 00 00 00 00 00 00 00 00 00 00 00 00 00 00 00 00 00 00 00 00 00 F8 F7 FF FF CE 9F 1A 16 9E 90 30 C0 8A 42 D7 B2 C2 33 30 C0 0C 03 8C DC 0B 04 2F C0 5B 11 22 22 84 36 2E C0 5F 7E 16 A2 CF A1 2D C0 26 07 E0 F2 F0 2D 2D C0 92 59 A0 E4 9A D1 2C C0 28 2C F6 58 09 81 2C C0 A0 04 E8 2E 6A 3E 2C C0 B4 DE 78 32 0F 01 2C C0 61 86 30 EF AD CC 2B C0 6F 49 2F B9 2B 9B 2B C0 E2 2A 27 A0 77 6F 2B C0 FA 62 C2 35 B1 45 2B C0 7A AD 25 C4 05 20 2B C0 53 DF 55 74 6B FC 2A C0 0E A9 44 7F 1E DB 2A C0 D4 F9 C5 0D 69 BC 2A C0 D0 CE 7E 31 54 9E 2A C0 FE 1A 45 18 A1 83 2A C0 04 C7 94 F9 25 5D 2A C0 D3 58 F5 F3 1A 2C 2A C0 7B CC 63 CD 8D 00 2A C0 78 81 D7 D5 82 D8 29 C0 F2 25 E7 A3 E5 BC 29 C0 23 3F A4 02 A1 A2 29 C0 DE BC 67 93 0B 81 29 C0 28 3A 0F F0 C8 60 29 C0 98 4C B3 5A 3A 42 29 C0 20 7E C4 1B 5E 25 29 C0 2D 27 0F C7 A0 05 29 C0 2F FC B7 DD 7F E0 28 C0 95 3B 73 4D 17 BA 28 C0 F6 3D 5B 93 EE 95 28 C0 88 ED B7 DF A6 76 28 C0 78 3E 71 CE F8 5A 28 C0 98 97 E9 4D 2F 40 28 C0 27 2C 0A CE 85 25 28 C0 69 24 7E B1 48 09 28 C0 85 11 CA 81 A8 E4 27 C0 BE 20 7D BF 97 BE 27 C0 19 09 CE DC 99 99 27 C0 BB 62 25 7D FE 72 27 C0 DD 9B 11 F0 A6 4C 27 C0 7D B1 B9 80 66 28 27 C0 F9 12 EE 1F A1 05 27 C0 8C DA 1A A8 C5 E2 26 C0 84 3E 6E A8 34 C2 26 C0 10 35 DE 24 32 A2 26 C0 24 61 97 ED 4D 83 26 C0 51 41 C0 B1 43 65 26 C0 6A 52 83 98 1A 47 26 C0 72 92 85 46 10 29 26 C0 63 CF EB 44 2F 0B 26 C0 D2 CF 72 9F 66 EC 25 C0 93 71 7D 11 F5 CB 25 C0 C7 9A 81 72 96 AA 25 C0 4F 4D F1 23 AF 87 25 C0 76 54 3D 9B D6 64 25 C0 C1 3C BF 3B A4 41 25 C0 12 64 AD 03 DC 1C 25 C0 9D 8B 18 56 C7 F8 24 C0 D4 C8 9A 6D 1C D4 24 C0 3C 55 56 19 02 B0 24 C0 2B D4 98 CB FB 8A 24 C0 8C E8 B2 CF C6 63 24 C0 13 87 9A 74 F7 3A 24 C0 84 54 22 BA F9 11 24 C0 04 08 C6 0A 16 E9 23 C0 AF 12 C9 72 71 C0 23 C0 F3 69 D0 59 99 96 23 C0 75 15 DC B0 49 6E 23 C0 53 34 6B 46 80 45 23 C0 ED C6 82 F9 0A 1B 23 C0 DF 26 A1 CB 82 F4 22 C0 B0 E2 7C 57 55 CF 22 C0 D8 21 06 13 02 AA 22 C0 67 F6 CB 03 99 86 22 C0 E6 DD 61 8B D4 64 22 C0 07 BD 03 58 33 44 22 C0 10 8E FC CF 09 23 22 C0 07 C9 C7 EC 09 02 22 C0 AC 92 97 7C 02 E2 21 C0 FF EF 41 A6 B8 C2 21 C0 BA 45 D3 1A 96 A3 21 C0 99 E8 51 FE 80 85 21 C0 CD 41 8E 23 2E 68 21 C0 8D FA 8B 03 C5 4B 21 C0 DD 5C B9 14 47 31 21 C0 AC 19 50 8A F8 18 21 C0 E5 D1 D9 24 28 00 21 C0 76 64 16 6C 68 E6 20 C0 40 CB 9E 9A 33 CC 20 C0 02 7B 84 10 FA B2 20 C0 BE 10 D9 DA 39 9A 20 C0 C0 EA 8A 97 3B 81 20 C0 96 01 FE D8 71 68 20 C0 5F F9 09 91 94 4E 20 C0 E5 27 0B C3 8B 34 20 C0 90 23 B2 06 25 1A 20 C0 88 E0 7F E3 46 FF 1F C0 DA E4 C3 3A 3B C9 1F C0 DE C3 88 40 8A 95 1F C0 A6 B4 FD C1 4A 5F 1F C0 29 15 B2 24 0B 29 1F C0 F1 D8 E5 15 86 F2 1E C0 36 83 D1 A4 27 BC 1E C0 67 42 60 F7 52 85 1E C0 0B AB 63 0A 17 4C 1E C0 41 57 D8 2D F4 11 1E C0 A6 EB F6 23 CD D6 1D C0 6C EF DE 2B C7 9A 1D C0 0B 30 71 6A D6 5E 1D C0 2C B8 12 E2 F3 20 1D C0 71 18 66 1B D7 E1 1C C0 7A 6E C7 8C EE A1 1C C0 30 56 E0 12 71 61 1C C0 8E 33 11 3C A1 1C 1C C0 DE C9 3D 87 3B D6 1B C0 0B 1D C8 C8 68 90 1B C0 BE BD 56 98 BC 47 1B C0 03 08 68 F1 E6 FE 1A C0 B8 9C FD 26 4D B6 1A C0 B8 B4 DB 5D D9 6A 1A C0 13 A1 60 BE B6 22 1A C0 45 EE B4 13 CB D9 19 C0 7A 17 3E 1E F2 8F 19 C0 0C 19 A5 2B 87 47 19 C0 C7 8E 69 0F D6 FE 18 C0 AE A4 47 ED 47 B6 18 C0 A3 F0 D1 28 33 6E 18 C0 8A 87 D2 6F F9 25 18 C0 D6 A0 26 2F 14 DE 17 C0 89 E0 65 3E 0E 97 17 C0 3F 2C 04 7F BC 50 17 C0 1C 79 EE ED EA 0B 17 C0 FD 9C 8F EF EF C6 16 C0 BE AE C1 3F 0F 83 16 C0 10 90 51 00 6D 40 16 C0 AF B8 2C E6 8A FE 15 C0 A9 A9 2D 64 87 BD 15 C0 FD E9 3E 03 FE 7B 15 C0 4B 9C 0E 2B 1F 3C 15 C0 6A 80 1A CD 05 FC 14 C0 2F 0B 86 FD DE BB 14 C0 0D 6F B8 8C 0D 7C 14 C0 80 4D 64 40 5A 3B 14 C0 C6 7E CB 18 52 FC 13 C0 4E 6C 1A AD 6E BC 13 C0 31 AC 6A 9A C4 7B 13 C0 9C A7 D6 67 CC 3B 13 C0 61 BF 54 FC B2 FD 12 C0 54 CD 77 45 A7 BF 12 C0 F9 B1 0D 00 5F 82 12 C0 97 07 27 E8 85 45 12 C0 4F F2 F0 2D FD 08 12 C0 18 F9 71 A1 78 CF 11 C0 81 CA AE 14 BE 96 11 C0 8A 73 FF 15 F9 5E 11 C0 29 10 70 88 A8 25 11 C0 F8 15 5B BD 5B EB 10 C0 E3 B0 CD 8A F8 AE 10 C0 F8 3C F8 78 D6 72 10 C0 EA E4 0C 15 2F 37 10 C0 4E 81 F4 2A 40 F2 0F C0 60 0E 4E D1 AF 77 0F C0 2B 35 D2 64 84 01 0F C0 86 EB B3 19 73 8B 0E C0 05 2D 7D 7D 03 13 0E C0 B5 C0 AF B2 90 9C 0D C0 DC 78 C5 EF E1 23 0D C0 A6 EC F7 05 FF AA 0C C0 2A 7E 89 9F DF 31 0C C0 A9 E6 4E 37 E9 BA 0B C0 AE 41 23 8D D0 41 0B C0 BC BF 98 BF 94 CA 0A C0 48 9D C0 BD 4B 53 0A C0 37 30 E1 7A 0C DA 09 C0 FC 22 6F B5 47 60 09 C0 DA 8E 2B 16 56 E5 08 C0 55 A2 6A E1 F7 66 08 C0 27 DB 51 17 24 EA 07 C0 08 EC 48 F1 E6 6E 07 C0 24 EC E0 07 D6 F3 06 C0 0A C9 DA EB CE 78 06 C0 29 52 A4 51 DA FC 05 C0 E5 2A F3 65 8F 82 05 C0 4B AE CD F6 9A 07 05 C0 E3 07 FE 43 B9 92 04 C0 7D E5 E3 74 3D 1E 04 C0 72 ED B7 15 2F A9 03 C0 BA E2 E7 05 6D 34 03 C0 AA 6E 7E E3 8B C3 02 C0 32 0A FF EB C5 58 02 C0 44 E8 5B 83 91 F1 01 C0 E5 5A 3A 6B B2 8F 01 C0 96 B9 14 C8 29 31 01 C0 B6 30 FC 1B 2B D5 00 C0 2A 50 01 82 D0 7A 00 C0 5B B0 E0 F7 E9 21 00 C0 30 E4 EB 42 5C 99 FF BF E9 5B E2 5F BC F2 FE BF 6C 05 28 80 25 4C FE BF 46 F3 D1 E6 69 A9 FD BF DD 1D 20 E8 2C 0B FD BF 86 AC AF E2 E4 6E FC BF 7E 1B FB B9 21 D8 FB BF A4 CC CA D2 BB 41 FB BF BC D3 26 9F CA B0 FA BF 5E F5 21 F0 49 1F FA BF 0D 00 5C 4A F8 8D F9 BF 8F B4 38 4A 65 FF F8 BF 3C D3 08 B0 87 74 F8 BF FF 5F 2F 38 1A EC F7 BF 7B 6A E8 E3 39 61 F7 BF D2 BC 6C F4 65 D2 F6 BF DC 8E BB 48 A7 41 F6 BF F1 9E E1 2B 3A AD F5 BF A7 0F C5 4A D6 12 F5 BF C9 80 C3 68 47 7C F4 BF 5E 14 CD A7 67 E8 F3 BF 0C DB C7 89 5A 52 F3 BF 08 13 05 A2 F2 B8 F2 BF 8A 5C 72 52 A5 22 F2 BF D6 15 D1 56 02 88 F1 BF 58 E4 B7 3E 6F E7 F0 BF 0D AC D3 61 65 42 F0 BF 35 AA D6 2C E7 3D EF BF ED 38 AB 02 F6 FF ED BF AC 84 2C F6 F8 C0 EC BF B0 9A 62 8D 57 86 EB BF 5D 12 A4 7C DB 49 EA BF A2 95 6A 5E 97 0A E9 BF 2E 99 6C 2E 63 C6 E7 BF F5 1E A5 E8 96 85 E6 BF C4 A2 8A CF 27 40 E5 BF 54 02 AB 7B 6B 03 E4 BF 6C 91 5F A7 27 C8 E2 BF 07 41 4E 5D 01 8E E1 BF D9 04 41 7C C7 57 E0 BF 82 CD 4E 79 69 4F DE BF 33 F4 D6 43 6A FC DB BF A9 DC 57 DD 3C B1 D9 BF 35 28 9C 07 3A 73 D7 BF 16 59 38 35 60 3D D5 BF 24 67 53 FB 43 1E D3 BF E6 24 A9 0E 02 F5 D0 BF 47 F0 E5 72 C3 95 CD BF 37 AF E3 E1 FC 28 C9 BF ","6","64 62 02 00 C8 6F 99 00 00 00 00 00 F8 FF FF FF 80 1C 9A 00 68 62 69 6E 00 50 92 00 00 10 00 00 00 00 00 00 00 00 00 00 00 00 00 00 00 00 00 00 00 00 00 00 F8 F7 FF FF CE 9F 1A 16 9E 90 30 C0 8A 42 D7 B2 C2 33 30 C0 0C 03 8C DC 0B 04 2F C0 5B 11 22 22 84 36 2E C0 5F 7E 16 A2 CF A1 2D C0 26 07 E0 F2 F0 2D 2D C0 92 59 A0 E4 9A D1 2C C0 28 2C F6 58 09 81 2C C0 A0 04 E8 2E 6A 3E 2C C0 B4 DE 78 32 0F 01 2C C0 61 86 30 EF AD CC 2B C0 6F 49 2F B9 2B 9B 2B C0 E2 2A 27 A0 77 6F 2B C0 FA 62 C2 35 B1 45 2B C0 7A AD 25 C4 05 20 2B C0 53 DF 55 74 6B FC 2A C0 0E A9 44 7F 1E DB 2A C0 D4 F9 C5 0D 69 BC 2A C0 D0 CE 7E 31 54 9E 2A C0 FE 1A 45 18 A1 83 2A C0 04 C7 94 F9 25 5D 2A C0 D3 58 F5 F3 1A 2C 2A C0 7B CC 63 CD 8D 00 2A C0 78 81 D7 D5 82 D8 29 C0 F2 25 E7 A3 E5 BC 29 C0 23 3F A4 02 A1 A2 29 C0 DE BC 67 93 0B 81 29 C0 28 3A 0F F0 C8 60 29 C0 98 4C B3 5A 3A 42 29 C0 20 7E C4 1B 5E 25 29 C0 2D 27 0F C7 A0 05 29 C0 2F FC B7 DD 7F E0 28 C0 95 3B 73 4D 17 BA 28 C0 F6 3D 5B 93 EE 95 28 C0 88 ED B7 DF A6 76 28 C0 78 3E 71 CE F8 5A 28 C0 98 97 E9 4D 2F 40 28 C0 27 2C 0A CE 85 25 28 C0 69 24 7E B1 48 09 28 C0 85 11 CA 81 A8 E4 27 C0 BE 20 7D BF 97 BE 27 C0 19 09 CE DC 99 99 27 C0 BB 62 25 7D FE 72 27 C0 DD 9B 11 F0 A6 4C 27 C0 7D B1 B9 80 66 28 27 C0 F9 12 EE 1F A1 05 27 C0 8C DA 1A A8 C5 E2 26 C0 84 3E 6E A8 34 C2 26 C0 10 35 DE 24 32 A2 26 C0 24 61 97 ED 4D 83 26 C0 51 41 C0 B1 43 65 26 C0 6A 52 83 98 1A 47 26 C0 72 92 85 46 10 29 26 C0 63 CF EB 44 2F 0B 26 C0 D2 CF 72 9F 66 EC 25 C0 93 71 7D 11 F5 CB 25 C0 C7 9A 81 72 96 AA 25 C0 4F 4D F1 23 AF 87 25 C0 76 54 3D 9B D6 64 25 C0 C1 3C BF 3B A4 41 25 C0 12 64 AD 03 DC 1C 25 C0 9D 8B 18 56 C7 F8 24 C0 D4 C8 9A 6D 1C D4 24 C0 3C 55 56 19 02 B0 24 C0 2B D4 98 CB FB 8A 24 C0 8C E8 B2 CF C6 63 24 C0 13 87 9A 74 F7 3A 24 C0 84 54 22 BA F9 11 24 C0 04 08 C6 0A 16 E9 23 C0 AF 12 C9 72 71 C0 23 C0 F3 69 D0 59 99 96 23 C0 75 15 DC B0 49 6E 23 C0 53 34 6B 46 80 45 23 C0 ED C6 82 F9 0A 1B 23 C0 DF 26 A1 CB 82 F4 22 C0 B0 E2 7C 57 55 CF 22 C0 D8 21 06 13 02 AA 22 C0 67 F6 CB 03 99 86 22 C0 E6 DD 61 8B D4 64 22 C0 07 BD 03 58 33 44 22 C0 10 8E FC CF 09 23 22 C0 07 C9 C7 EC 09 02 22 C0 AC 92 97 7C 02 E2 21 C0 FF EF 41 A6 B8 C2 21 C0 BA 45 D3 1A 96 A3 21 C0 99 E8 51 FE 80 85 21 C0 CD 41 8E 23 2E 68 21 C0 8D FA 8B 03 C5 4B 21 C0 DD 5C B9 14 47 31 21 C0 AC 19 50 8A F8 18 21 C0 E5 D1 D9 24 28 00 21 C0 76 64 16 6C 68 E6 20 C0 40 CB 9E 9A 33 CC 20 C0 02 7B 84 10 FA B2 20 C0 BE 10 D9 DA 39 9A 20 C0 C0 EA 8A 97 3B 81 20 C0 96 01 FE D8 71 68 20 C0 5F F9 09 91 94 4E 20 C0 E5 27 0B C3 8B 34 20 C0 90 23 B2 06 25 1A 20 C0 88 E0 7F E3 46 FF 1F C0 DA E4 C3 3A 3B C9 1F C0 DE C3 88 40 8A 95 1F C0 A6 B4 FD C1 4A 5F 1F C0 29 15 B2 24 0B 29 1F C0 F1 D8 E5 15 86 F2 1E C0 36 83 D1 A4 27 BC 1E C0 67 42 60 F7 52 85 1E C0 0B AB 63 0A 17 4C 1E C0 41 57 D8 2D F4 11 1E C0 A6 EB F6 23 CD D6 1D C0 6C EF DE 2B C7 9A 1D C0 0B 30 71 6A D6 5E 1D C0 2C B8 12 E2 F3 20 1D C0 71 18 66 1B D7 E1 1C C0 7A 6E C7 8C EE A1 1C C0 30 56 E0 12 71 61 1C C0 8E 33 11 3C A1 1C 1C C0 DE C9 3D 87 3B D6 1B C0 0B 1D C8 C8 68 90 1B C0 BE BD 56 98 BC 47 1B C0 03 08 68 F1 E6 FE 1A C0 B8 9C FD 26 4D B6 1A C0 B8 B4 DB 5D D9 6A 1A C0 13 A1 60 BE B6 22 1A C0 45 EE B4 13 CB D9 19 C0 7A 17 3E 1E F2 8F 19 C0 0C 19 A5 2B 87 47 19 C0 C7 8E 69 0F D6 FE 18 C0 AE A4 47 ED 47 B6 18 C0 A3 F0 D1 28 33 6E 18 C0 8A 87 D2 6F F9 25 18 C0 D6 A0 26 2F 14 DE 17 C0 89 E0 65 3E 0E 97 17 C0 3F 2C 04 7F BC 50 17 C0 1C 79 EE ED EA 0B 17 C0 FD 9C 8F EF EF C6 16 C0 BE AE C1 3F 0F 83 16 C0 10 90 51 00 6D 40 16 C0 AF B8 2C E6 8A FE 15 C0 A9 A9 2D 64 87 BD 15 C0 FD E9 3E 03 FE 7B 15 C0 4B 9C 0E 2B 1F 3C 15 C0 6A 80 1A CD 05 FC 14 C0 2F 0B 86 FD DE BB 14 C0 0D 6F B8 8C 0D 7C 14 C0 80 4D 64 40 5A 3B 14 C0 C6 7E CB 18 52 FC 13 C0 4E 6C 1A AD 6E BC 13 C0 31 AC 6A 9A C4 7B 13 C0 9C A7 D6 67 CC 3B 13 C0 61 BF 54 FC B2 FD 12 C0 54 CD 77 45 A7 BF 12 C0 F9 B1 0D 00 5F 82 12 C0 97 07 27 E8 85 45 12 C0 4F F2 F0 2D FD 08 12 C0 18 F9 71 A1 78 CF 11 C0 81 CA AE 14 BE 96 11 C0 8A 73 FF 15 F9 5E 11 C0 29 10 70 88 A8 25 11 C0 F8 15 5B BD 5B EB 10 C0 E3 B0 CD 8A F8 AE 10 C0 F8 3C F8 78 D6 72 10 C0 EA E4 0C 15 2F 37 10 C0 4E 81 F4 2A 40 F2 0F C0 60 0E 4E D1 AF 77 0F C0 2B 35 D2 64 84 01 0F C0 86 EB B3 19 73 8B 0E C0 05 2D 7D 7D 03 13 0E C0 B5 C0 AF B2 90 9C 0D C0 DC 78 C5 EF E1 23 0D C0 A6 EC F7 05 FF AA 0C C0 2A 7E 89 9F DF 31 0C C0 A9 E6 4E 37 E9 BA 0B C0 AE 41 23 8D D0 41 0B C0 BC BF 98 BF 94 CA 0A C0 48 9D C0 BD 4B 53 0A C0 37 30 E1 7A 0C DA 09 C0 FC 22 6F B5 47 60 09 C0 DA 8E 2B 16 56 E5 08 C0 55 A2 6A E1 F7 66 08 C0 27 DB 51 17 24 EA 07 C0 08 EC 48 F1 E6 6E 07 C0 24 EC E0 07 D6 F3 06 C0 0A C9 DA EB CE 78 06 C0 29 52 A4 51 DA FC 05 C0 E5 2A F3 65 8F 82 05 C0 4B AE CD F6 9A 07 05 C0 E3 07 FE 43 B9 92 04 C0 7D E5 E3 74 3D 1E 04 C0 72 ED B7 15 2F A9 03 C0 BA E2 E7 05 6D 34 03 C0 AA 6E 7E E3 8B C3 02 C0 32 0A FF EB C5 58 02 C0 44 E8 5B 83 91 F1 01 C0 E5 5A 3A 6B B2 8F 01 C0 96 B9 14 C8 29 31 01 C0 B6 30 FC 1B 2B D5 00 C0 2A 50 01 82 D0 7A 00 C0 5B B0 E0 F7 E9 21 00 C0 30 E4 EB 42 5C 99 FF BF E9 5B E2 5F BC F2 FE BF 6C 05 28 80 25 4C FE BF 46 F3 D1 E6 69 A9 FD BF DD 1D 20 E8 2C 0B FD BF 86 AC AF E2 E4 6E FC BF 7E 1B FB B9 21 D8 FB BF A4 CC CA D2 BB 41 FB BF BC D3 26 9F CA B0 FA BF 5E F5 21 F0 49 1F FA BF 0D 00 5C 4A F8 8D F9 BF 8F B4 38 4A 65 FF F8 BF 3C D3 08 B0 87 74 F8 BF FF 5F 2F 38 1A EC F7 BF 7B 6A E8 E3 39 61 F7 BF D2 BC 6C F4 65 D2 F6 BF DC 8E BB 48 A7 41 F6 BF F1 9E E1 2B 3A AD F5 BF A7 0F C5 4A D6 12 F5 BF C9 80 C3 68 47 7C F4 BF 5E 14 CD A7 67 E8 F3 BF 0C DB C7 89 5A 52 F3 BF 08 13 05 A2 F2 B8 F2 BF 8A 5C 72 52 A5 22 F2 BF D6 15 D1 56 02 88 F1 BF 58 E4 B7 3E 6F E7 F0 BF 0D AC D3 61 65 42 F0 BF 35 AA D6 2C E7 3D EF BF ED 38 AB 02 F6 FF ED BF AC 84 2C F6 F8 C0 EC BF B0 9A 62 8D 57 86 EB BF 5D 12 A4 7C DB 49 EA BF A2 95 6A 5E 97 0A E9 BF 2E 99 6C 2E 63 C6 E7 BF F5 1E A5 E8 96 85 E6 BF C4 A2 8A CF 27 40 E5 BF 54 02 AB 7B 6B 03 E4 BF 6C 91 5F A7 27 C8 E2 BF 07 41 4E 5D 01 8E E1 BF D9 04 41 7C C7 57 E0 BF 82 CD 4E 79 69 4F DE BF 33 F4 D6 43 6A FC DB BF A9 DC 57 DD 3C B1 D9 BF 35 28 9C 07 3A 73 D7 BF 16 59 38 35 60 3D D5 BF 24 67 53 FB 43 1E D3 BF E6 24 A9 0E 02 F5 D0 BF 47 F0 E5 72 C3 95 CD BF 37 AF E3 E1 FC 28 C9 BF ","6","2018-02-10 05:53:08","2018-02-10 06:05:45"
"167","HKEY_LOCAL_MACHINE\\Software\\Microsoft\\Windows NT\\CurrentVersion\\Superfetch","1","PfIuHistory","4D 41 4D 84 E4 15 00 00 93 93 1F A1 42 05 55 55 00 05 00 00 55 04 00 00 00 00 00 00 00 00 00 00 00 00 00 00 05 00 00 05 05 00 00 00 00 00 00 00 00 00 00 00 00 00 00 00 00 00 00 00 00 00 00 00 00 00 00 00 00 00 00 00 00 00 00 00 00 00 00 00 00 00 00 00 00 00 00 00 00 00 00 00 00 00 00 00 00 00 00 00 00 00 00 00 00 00 00 00 00 00 00 00 00 00 00 00 00 00 00 00 00 00 00 00 00 05 00 00 00 50 00 00 00 00 00 00 00 00 00 00 05 00 00 00 00 00 00 00 00 00 00 00 00 00 00 50 00 00 00 00 00 00 00 00 00 00 00 00 00 00 00 00 05 00 50 00 00 00 00 00 00 00 00 00 00 00 00 40 00 00 00 00 00 00 00 50 00 00 00 00 00 00 00 00 00 00 00 00 00 00 00 00 00 00 00 00 00 00 00 00 00 00 00 00 00 00 00 00 00 00 00 00 00 00 00 00 00 00 00 00 00 00 00 00 00 00 00 00 00 00 00 00 00 00 00 00 00 00 00 00 00 00 00 00 00 00 00 00 19 88 88 93 1E 93 B9 60 F0 54 B7 40 48 53 0A 87 52 29 14 EF 8C C6 A8 15 00 D8 14 FF 41 15 00 00 ","3","4D 41 4D 84 E4 15 00 00 54 52 4E DD 42 05 55 55 00 05 00 00 40 04 00 00 00 00 00 00 00 00 00 00 00 00 00 00 00 00 00 05 55 50 00 00 00 50 00 00 00 00 00 00 00 00 00 00 00 00 00 00 00 00 00 00 00 00 00 00 00 00 00 00 00 00 00 00 00 00 00 00 00 00 00 00 00 00 00 00 00 00 00 00 00 00 00 00 00 00 00 00 00 00 00 00 00 00 00 00 00 00 00 00 00 00 00 00 00 00 00 00 00 00 00 00 00 05 00 00 00 00 00 00 00 00 00 00 00 00 00 00 05 00 00 00 00 00 00 00 00 00 00 00 00 00 00 50 05 00 00 00 00 00 00 00 00 00 00 00 00 00 00 00 00 00 50 00 00 00 00 00 00 00 00 00 00 00 00 40 00 00 00 00 00 00 00 00 00 00 00 00 00 00 00 00 00 00 00 00 00 00 00 00 00 00 00 00 00 00 00 00 00 00 00 00 00 00 00 00 00 00 00 00 00 00 00 00 00 00 00 00 00 00 00 00 00 00 00 00 00 00 00 00 00 00 00 00 00 00 00 00 00 00 00 00 00 00 00 00 1B 98 09 A4 22 95 B0 5C F0 A9 93 91 91 06 98 0E 7C 61 14 9C 3B 00 DC 14 FF 67 15 00 00 ","3","2018-02-10 05:51:09","2018-02-10 06:05:45"
"219","HKEY_LOCAL_MACHINE\\Software\\Microsoft\\Windows\\CurrentVersion\\WindowsUpdate\\Orchestrator",\N,"NextRefreshTime","131627810004440000","5","",\N,"2018-02-10 05:52:01","2018-02-10 05:59:20"
"220","HKEY_LOCAL_MACHINE\\Software\\Microsoft\\Windows\\CurrentVersion\\WindowsUpdate\\Orchestrator",\N,"SettingsETag","1084:8C71D9D2","2","",\N,"2018-02-10 05:52:01","2018-02-10 05:59:20"
"273","HKEY_LOCAL_MACHINE\\System\\ControlSet001\\Enum\\DISPLAY\\Default_Monitor\\4&2abfaa30&0&UID0\\Properties\\{80497100-8c73-48b9-aad9-ce387e19c56e}\\0006","1","","02 00 00 00 ","6","03 00 00 00 ","6","2018-02-10 05:42:19","2018-02-10 05:54:15"
"274","HKEY_LOCAL_MACHINE\\System\\ControlSet001\\Enum\\DISPLAY\\Default_Monitor\\4&2abfaa30&0&UID0\\Properties\\{83da6326-97a6-4088-9453-a1923f573b29}\\0066","1","","6E 48 DA 29 33 A2 D3 01 ",\N,"D5 1B 42 95 33 A2 D3 01 ",\N,"2018-02-10 05:51:15","2018-02-10 05:54:15"
"279","HKEY_LOCAL_MACHINE\\System\\ControlSet001\\Enum\\PCI\\VEN_106B&DEV_003F&SUBSYS_00000000&REV_00\\3&267a616a&0&30\\LogConf","1","BasicConfigVector","A8 00 00 00 05 00 00 00 00 00 00 00 06 00 00 00 00 00 00 00 00 00 00 00 00 00 00 00 01 00 00 00 01 00 01 00 04 00 00 00 01 03 01 00 80 00 5F 00 00 10 00 00 01 00 00 00 00 80 40 F0 00 00 00 00 FF 8F 40 F0 00 00 00 00 08 03 01 00 80 00 00 00 00 10 00 00 00 10 00 00 00 00 00 00 00 00 00 00 FF FF FF FF 00 00 00 00 00 81 01 00 00 00 00 00 01 00 00 00 00 00 00 00 00 00 00 00 00 00 00 00 00 00 00 00 00 00 00 00 00 02 03 00 00 00 00 00 00 00 00 00 FF FF FF FF 00 00 00 00 00 00 00 00 00 00 00 00 00 00 00 00 ",\N,"A8 00 00 00 05 00 00 00 00 00 00 00 06 00 00 00 00 00 00 00 00 00 00 00 00 00 00 00 01 00 00 00 01 00 01 00 04 00 00 00 01 03 01 00 80 00 5F 00 00 10 00 00 01 00 00 00 00 80 80 F0 00 00 00 00 FF 8F 80 F0 00 00 00 00 08 03 01 00 80 00 00 00 00 10 00 00 00 10 00 00 00 00 00 00 00 00 00 00 FF FF FF FF 00 00 00 00 00 81 01 00 00 00 00 00 01 00 00 00 00 00 00 00 00 00 00 00 00 00 00 00 00 00 00 00 00 00 00 00 00 02 03 00 00 00 00 00 00 00 00 00 FF FF FF FF 00 00 00 00 00 00 00 00 00 00 00 00 00 00 00 00 ",\N,"2018-02-10 05:37:06","2018-02-10 05:54:13"
"287","HKEY_LOCAL_MACHINE\\System\\ControlSet001\\Enum\\PCI\\VEN_8086&DEV_2668&SUBSYS_76808384&REV_01\\3&267a616a&0&28\\LogConf","1","BasicConfigVector","A8 00 00 00 05 00 00 00 00 00 00 00 05 00 00 00 00 00 00 00 00 00 00 00 00 00 00 00 01 00 00 00 01 00 01 00 04 00 00 00 01 03 01 00 80 00 5F 00 00 40 00 00 01 00 00 00 00 40 40 F0 00 00 00 00 FF 7F 40 F0 00 00 00 00 08 03 01 00 80 00 00 00 00 40 00 00 00 40 00 00 00 00 00 00 00 00 00 00 FF FF FF FF 00 00 00 00 00 81 01 00 00 00 00 00 01 00 00 00 00 00 00 00 00 00 00 00 00 00 00 00 00 00 00 00 00 00 00 00 00 02 03 00 00 00 00 00 00 00 00 00 FF FF FF FF 00 00 00 00 00 00 00 00 00 00 00 00 00 00 00 00 ",\N,"A8 00 00 00 05 00 00 00 00 00 00 00 05 00 00 00 00 00 00 00 00 00 00 00 00 00 00 00 01 00 00 00 01 00 01 00 04 00 00 00 01 03 01 00 80 00 5F 00 00 40 00 00 01 00 00 00 00 40 80 F0 00 00 00 00 FF 7F 80 F0 00 00 00 00 08 03 01 00 80 00 00 00 00 40 00 00 00 40 00 00 00 00 00 00 00 00 00 00 FF FF FF FF 00 00 00 00 00 81 01 00 00 00 00 00 01 00 00 00 00 00 00 00 00 00 00 00 00 00 00 00 00 00 00 00 00 00 00 00 00 02 03 00 00 00 00 00 00 00 00 00 FF FF FF FF 00 00 00 00 00 00 00 00 00 00 00 00 00 00 00 00 ",\N,"2018-02-10 05:37:06","2018-02-10 05:54:13"
"291","HKEY_LOCAL_MACHINE\\System\\ControlSet001\\Enum\\PCI\\VEN_8086&DEV_2829&SUBSYS_00000000&REV_02\\3&267a616a&0&68\\LogConf","1","BasicConfigVector","88 02 00 00 05 00 00 00 00 00 00 00 0D 00 00 00 00 00 00 00 00 00 00 00 00 00 00 00 01 00 00 00 01 00 01 00 13 00 00 00 01 01 01 00 31 01 5F 00 08 00 00 00 01 00 00 00 20 D0 00 00 00 00 00 00 27 D0 00 00 00 00 00 00 08 01 01 00 31 01 00 00 08 00 00 00 08 00 00 00 00 00 00 00 00 00 00 00 FF FF FF FF 00 00 00 00 00 81 01 00 00 00 00 00 01 00 00 00 00 00 00 00 00 00 00 00 00 00 00 00 00 00 00 00 00 00 00 00 01 01 01 00 31 01 5F 00 04 00 00 00 01 00 00 00 28 D0 00 00 00 00 00 00 2B D0 00 00 00 00 00 00 08 01 01 00 31 01 00 00 04 00 00 00 04 00 00 00 00 00 00 00 00 00 00 00 FF FF FF FF 00 00 00 00 00 81 01 00 00 00 00 00 01 00 00 00 01 00 00 00 00 00 00 00 00 00 00 00 00 00 00 00 00 00 00 00 01 01 01 00 31 01 5F 00 08 00 00 00 01 00 00 00 30 D0 00 00 00 00 00 00 37 D0 00 00 00 00 00 00 08 01 01 00 31 01 00 00 08 00 00 00 08 00 00 00 00 00 00 00 00 00 00 00 FF FF FF FF 00 00 00 00 00 81 01 00 00 00 00 00 01 00 00 00 02 00 00 00 00 00 00 00 00 00 00 00 00 00 00 00 00 00 00 00 01 01 01 00 31 01 5F 00 04 00 00 00 01 00 00 00 38 D0 00 00 00 00 00 00 3B D0 00 00 00 00 00 00 08 01 01 00 31 01 00 00 04 00 00 00 04 00 00 00 00 00 00 00 00 00 00 00 FF FF FF FF 00 00 00 00 00 81 01 00 00 00 00 00 01 00 00 00 03 00 00 00 00 00 00 00 00 00 00 00 00 00 00 00 00 00 00 00 01 01 01 00 31 01 5F 00 10 00 00 00 01 00 00 00 40 D0 00 00 00 00 00 00 4F D0 00 00 00 00 00 00 08 01 01 00 31 01 00 00 10 00 00 00 10 00 00 00 00 00 00 00 00 00 00 00 FF FF FF FF 00 00 00 00 00 81 01 00 00 00 00 00 01 00 00 00 04 00 00 00 00 00 00 00 00 00 00 00 00 00 00 00 00 00 00 00 01 03 01 00 80 00 5F 00 00 20 00 00 01 00 00 00 00 A0 40 F0 00 00 00 00 FF BF 40 F0 00 00 00 00 08 03 01 00 80 00 00 00 00 20 00 00 00 20 00 00 00 00 00 00 00 00 00 00 FF FF FF FF 00 00 00 00 00 81 01 00 00 00 00 00 01 00 00 00 05 00 00 00 00 00 00 00 00 00 00 00 00 00 00 00 00 00 00 00 00 02 03 00 00 00 00 00 00 00 00 00 FF FF FF FF 00 00 00 00 00 00 00 00 00 00 00 00 00 00 00 00 ",\N,"88 02 00 00 05 00 00 00 00 00 00 00 0D 00 00 00 00 00 00 00 00 00 00 00 00 00 00 00 01 00 00 00 01 00 01 00 13 00 00 00 01 01 01 00 31 01 5F 00 08 00 00 00 01 00 00 00 40 D0 00 00 00 00 00 00 47 D0 00 00 00 00 00 00 08 01 01 00 31 01 00 00 08 00 00 00 08 00 00 00 00 00 00 00 00 00 00 00 FF FF FF FF 00 00 00 00 00 81 01 00 00 00 00 00 01 00 00 00 00 00 00 00 00 00 00 00 00 00 00 00 00 00 00 00 00 00 00 00 01 01 01 00 31 01 5F 00 04 00 00 00 01 00 00 00 48 D0 00 00 00 00 00 00 4B D0 00 00 00 00 00 00 08 01 01 00 31 01 00 00 04 00 00 00 04 00 00 00 00 00 00 00 00 00 00 00 FF FF FF FF 00 00 00 00 00 81 01 00 00 00 00 00 01 00 00 00 01 00 00 00 00 00 00 00 00 00 00 00 00 00 00 00 00 00 00 00 01 01 01 00 31 01 5F 00 08 00 00 00 01 00 00 00 50 D0 00 00 00 00 00 00 57 D0 00 00 00 00 00 00 08 01 01 00 31 01 00 00 08 00 00 00 08 00 00 00 00 00 00 00 00 00 00 00 FF FF FF FF 00 00 00 00 00 81 01 00 00 00 00 00 01 00 00 00 02 00 00 00 00 00 00 00 00 00 00 00 00 00 00 00 00 00 00 00 01 01 01 00 31 01 5F 00 04 00 00 00 01 00 00 00 58 D0 00 00 00 00 00 00 5B D0 00 00 00 00 00 00 08 01 01 00 31 01 00 00 04 00 00 00 04 00 00 00 00 00 00 00 00 00 00 00 FF FF FF FF 00 00 00 00 00 81 01 00 00 00 00 00 01 00 00 00 03 00 00 00 00 00 00 00 00 00 00 00 00 00 00 00 00 00 00 00 01 01 01 00 31 01 5F 00 10 00 00 00 01 00 00 00 60 D0 00 00 00 00 00 00 6F D0 00 00 00 00 00 00 08 01 01 00 31 01 00 00 10 00 00 00 10 00 00 00 00 00 00 00 00 00 00 00 FF FF FF FF 00 00 00 00 00 81 01 00 00 00 00 00 01 00 00 00 04 00 00 00 00 00 00 00 00 00 00 00 00 00 00 00 00 00 00 00 01 03 01 00 80 00 5F 00 00 20 00 00 01 00 00 00 00 A0 80 F0 00 00 00 00 FF BF 80 F0 00 00 00 00 08 03 01 00 80 00 00 00 00 20 00 00 00 20 00 00 00 00 00 00 00 00 00 00 FF FF FF FF 00 00 00 00 00 81 01 00 00 00 00 00 01 00 00 00 05 00 00 00 00 00 00 00 00 00 00 00 00 00 00 00 00 00 00 00 00 02 03 00 00 00 00 00 00 00 00 00 FF FF FF FF 00 00 00 00 00 00 00 00 00 00 00 00 00 00 00 00 ",\N,"2018-02-10 05:37:06","2018-02-10 05:54:13"
"301","HKEY_LOCAL_MACHINE\\System\\ControlSet001\\Enum\\PCI\\VEN_80EE&DEV_CAFE&SUBSYS_00000000&REV_00\\3&267a616a&0&20\\LogConf","1","BasicConfigVector","68 01 00 00 05 00 00 00 00 00 00 00 04 00 00 00 00 00 00 00 00 00 00 00 00 00 00 00 01 00 00 00 01 00 01 00 0A 00 00 00 01 01 01 00 31 01 5F 00 20 00 00 00 01 00 00 00 00 D0 00 00 00 00 00 00 1F D0 00 00 00 00 00 00 08 01 01 00 31 01 00 00 20 00 00 00 20 00 00 00 00 00 00 00 00 00 00 00 FF FF FF FF 00 00 00 00 00 81 01 00 00 00 00 00 01 00 00 00 00 00 00 00 00 00 00 00 00 00 00 00 00 00 00 00 00 00 00 00 01 03 01 00 80 00 5F 00 00 00 40 00 01 00 00 00 00 00 00 F0 00 00 00 00 FF FF 3F F0 00 00 00 00 08 03 01 00 80 00 00 00 00 00 40 00 00 00 40 00 00 00 00 00 00 00 00 00 FF FF FF FF 00 00 00 00 00 81 01 00 00 00 00 00 01 00 00 00 01 00 00 00 00 00 00 00 00 00 00 00 00 00 00 00 00 00 00 00 01 03 01 00 84 00 5F 00 00 40 00 00 01 00 00 00 00 00 40 F0 00 00 00 00 FF 3F 40 F0 00 00 00 00 08 03 01 00 84 00 00 00 00 40 00 00 00 40 00 00 00 00 00 00 00 00 00 00 FF FF FF FF 00 00 00 00 00 81 01 00 00 00 00 00 01 00 00 00 02 00 00 00 00 00 00 00 00 00 00 00 00 00 00 00 00 00 00 00 00 02 03 00 00 00 00 00 00 00 00 00 FF FF FF FF 00 00 00 00 00 00 00 00 00 00 00 00 00 00 00 00 ",\N,"68 01 00 00 05 00 00 00 00 00 00 00 04 00 00 00 00 00 00 00 00 00 00 00 00 00 00 00 01 00 00 00 01 00 01 00 0A 00 00 00 01 01 01 00 31 01 5F 00 20 00 00 00 01 00 00 00 20 D0 00 00 00 00 00 00 3F D0 00 00 00 00 00 00 08 01 01 00 31 01 00 00 20 00 00 00 20 00 00 00 00 00 00 00 00 00 00 00 FF FF FF FF 00 00 00 00 00 81 01 00 00 00 00 00 01 00 00 00 00 00 00 00 00 00 00 00 00 00 00 00 00 00 00 00 00 00 00 00 01 03 01 00 80 00 5F 00 00 00 40 00 01 00 00 00 00 00 40 F0 00 00 00 00 FF FF 7F F0 00 00 00 00 08 03 01 00 80 00 00 00 00 00 40 00 00 00 40 00 00 00 00 00 00 00 00 00 FF FF FF FF 00 00 00 00 00 81 01 00 00 00 00 00 01 00 00 00 01 00 00 00 00 00 00 00 00 00 00 00 00 00 00 00 00 00 00 00 01 03 01 00 84 00 5F 00 00 40 00 00 01 00 00 00 00 00 80 F0 00 00 00 00 FF 3F 80 F0 00 00 00 00 08 03 01 00 84 00 00 00 00 40 00 00 00 40 00 00 00 00 00 00 00 00 00 00 FF FF FF FF 00 00 00 00 00 81 01 00 00 00 00 00 01 00 00 00 02 00 00 00 00 00 00 00 00 00 00 00 00 00 00 00 00 00 00 00 00 02 03 00 00 00 00 00 00 00 00 00 FF FF FF FF 00 00 00 00 00 00 00 00 00 00 00 00 00 00 00 00 ",\N,"2018-02-10 05:37:06","2018-02-10 05:54:13"
"324","HKEY_LOCAL_MACHINE\\System\\ControlSet001\\Enum\\STORAGE\\Volume\\{b21e036c-0e1e-11e8-8524-806e6f6e6963}#0000000000100000\\Properties\\{80497100-8c73-48b9-aad9-ce387e19c56e}\\0006","1","","02 00 00 00 ","6","03 00 00 00 ","6","2018-02-10 05:42:16","2018-02-10 05:54:13"
"325","HKEY_LOCAL_MACHINE\\System\\ControlSet001\\Enum\\STORAGE\\Volume\\{b21e036c-0e1e-11e8-8524-806e6f6e6963}#0000000000100000\\Properties\\{83da6326-97a6-4088-9453-a1923f573b29}\\0066","1","","B2 29 EE 28 33 A2 D3 01 ",\N,"97 5D 32 94 33 A2 D3 01 ",\N,"2018-02-10 05:51:13","2018-02-10 05:54:13"
"326","HKEY_LOCAL_MACHINE\\System\\ControlSet001\\Enum\\STORAGE\\Volume\\{b21e036c-0e1e-11e8-8524-806e6f6e6963}#0000000022600000\\Properties\\{80497100-8c73-48b9-aad9-ce387e19c56e}\\0006","1","","02 00 00 00 ","6","03 00 00 00 ","6","2018-02-10 05:42:16","2018-02-10 05:54:13"
"327","HKEY_LOCAL_MACHINE\\System\\ControlSet001\\Enum\\STORAGE\\Volume\\{b21e036c-0e1e-11e8-8524-806e6f6e6963}#0000000022600000\\Properties\\{83da6326-97a6-4088-9453-a1923f573b29}\\0066","1","","B2 29 EE 28 33 A2 D3 01 ",\N,"97 5D 32 94 33 A2 D3 01 ",\N,"2018-02-10 05:51:13","2018-02-10 05:54:13"
"397","HKEY_LOCAL_MACHINE\\System\\ControlSet001\\Services\\bam\\UserSettings\\S-1-5-21-2119625379-2900472558-1849789986-1001",\N,"\\Device\\HarddiskVolume2\\Users\\qub\\Desktop\\Tor Browser\\Browser\\firefox.exe","6E B7 93 28 35 A2 D3 01 00 00 00 00 00 00 00 00 00 00 00 00 02 00 00 00 ","3","",\N,"2018-02-10 05:53:08","2018-02-10 06:05:44"
"401","HKEY_LOCAL_MACHINE\\System\\ControlSet001\\Services\\EhStorTcgDrv\\StartOverride",\N,"3","3","1","",\N,"2018-02-10 05:42:16","2018-02-10 05:54:13"
"403","HKEY_LOCAL_MACHINE\\System\\ControlSet001\\Services\\iaStorAV\\StartOverride",\N,"3","3","1","",\N,"2018-02-10 05:42:16","2018-02-10 05:54:13"
"404","HKEY_LOCAL_MACHINE\\System\\ControlSet001\\Services\\iaStorV\\StartOverride",\N,"3","3","1","",\N,"2018-02-10 05:42:16","2018-02-10 05:54:13"
"419","HKEY_LOCAL_MACHINE\\System\\ControlSet001\\Services\\nvstor\\StartOverride",\N,"3","3","1","",\N,"2018-02-10 05:42:16","2018-02-10 05:54:13"
"440","HKEY_LOCAL_MACHINE\\System\\ControlSet001\\Services\\stexstor\\StartOverride",\N,"3","3","1","",\N,"2018-02-10 05:42:16","2018-02-10 05:54:13"
"441","HKEY_LOCAL_MACHINE\\System\\ControlSet001\\Services\\storflt\\StartOverride",\N,"3","3","1","",\N,"2018-02-10 05:42:16","2018-02-10 05:54:13"
"442","HKEY_LOCAL_MACHINE\\System\\ControlSet001\\Services\\stornvme\\StartOverride",\N,"3","3","1","",\N,"2018-02-10 05:42:16","2018-02-10 05:54:13"
"443","HKEY_LOCAL_MACHINE\\System\\ControlSet001\\Services\\storufs\\StartOverride",\N,"3","3","1","",\N,"2018-02-10 05:42:16","2018-02-10 05:54:13"
"444","HKEY_LOCAL_MACHINE\\System\\ControlSet001\\Services\\storvsc\\StartOverride",\N,"3","3","1","",\N,"2018-02-10 05:42:16","2018-02-10 05:54:13"
